Path;SBE_version;Start_Time;System_Upload_Date;Date_from_the_Name_File;Latitude;Row_Latitude;Longitude;Row_Longitude;Station;Station_From_Name;Max_Depth;Surface_temperature;Max_difference_Tmd_Temperature;Unit_Temperature;Count_True;Count_Total;Dive_Begin_Index;Dive_End_Index;Error
CTD_Data\2025\05-06\SBE19\cnvdata\Ba3k0608.cnv;SBE 19;08.06.2025 19:03;08.06.2025 19:29;08.06.2025;None;None;None;None;3 km Baikalskoe;Ba;610.793;10.9452;0.861029537;tv290C: Temperature [ITS-90, deg C];560;1275;45;1319;not error
CTD_Data\2025\05-06\SBE19\cnvdata\Ba7k0608.cnv;SBE 19;08.06.2025 20:18;08.06.2025 20:51;08.06.2025;None;None;None;None;7 km Baikalskoe;Ba;785.632;6.9056;0.728704485;tv290C: Temperature [ITS-90, deg C];579;1558;25;1582;not error
CTD_Data\2025\05-06\SBE19\cnvdata\Barg_mp0605.cnv;SBE 19;05.06.2025 16:13;05.06.2025 16:26;05.06.2025;None;None;None;None;mp Barguzin gulf;Barg;150.005;8.0597;0.517281835;tv290C: Temperature [ITS-90, deg C];8;636;29;664;not error
CTD_Data\2025\05-06\SBE19\cnvdata\Da3k0606.cnv;SBE 19;06.06.2025 18:50;06.06.2025 19:47;06.06.2025;None;None;None;None;3 km Davsha;Da;91.312;5.7302;0.607851436;tv290C: Temperature [ITS-90, deg C];3;690;61;750;not error
CTD_Data\2025\05-06\SBE19\cnvdata\Da7k0606.cnv;SBE 19;06.06.2025 20:40;06.06.2025 21:01;06.06.2025;None;None;None;None;7 km Davsha;Da;435.279;4.435;0.646286974;tv290C: Temperature [ITS-90, deg C];442;990;56;1045;not error
CTD_Data\2025\05-06\SBE19\cnvdata\El3k0607.cnv;SBE 19;07.06.2025 4:11;07.06.2025 4:48;07.06.2025;None;None;None;None;3 km Elokhin;El;877.002;3.6382;0.901623956;tv290C: Temperature [ITS-90, deg C];576;1716;27;1742;not error
CTD_Data\2025\05-06\SBE19\cnvdata\El7k0607.cnv;SBE 19;07.06.2025 2:21;07.06.2025 2:56;07.06.2025;None;None;None;None;7 km Elokhin;El;888.564;4.1625;1.016675506;tv290C: Temperature [ITS-90, deg C];528;1743;78;1820;not error
CTD_Data\2025\05-06\SBE19\cnvdata\Izh7k0605.cnv;SBE 19;05.06.2025 1:42;05.06.2025 2:44;05.06.2025;None;None;None;None;7 km Izhimey;Izh;1625.825;5.0766;0.709828978;tv290C: Temperature [ITS-90, deg C];659;3232;41;3272;not error
CTD_Data\2025\05-06\SBE19\cnvdata\Ka7k0601.cnv;SBE 19;01.06.2025 16:50;01.06.2025 17:44;01.06.2025;None;None;None;None;7 km Kadilniy;Ka;1413.044;4.1175;0.216386613;tv290C: Temperature [ITS-90, deg C];507;2824;134;2957;not error
CTD_Data\2025\05-06\SBE19\cnvdata\Krest6k0603.cnv;SBE 19;03.06.2025 20:48;03.06.2025 21:32;03.06.2025;None;None;None;None;Krestovskii;Krest;1118.267;7.5565;0.724012709;tv290C: Temperature [ITS-90, deg C];579;2150;31;2180;not error
CTD_Data\2025\05-06\SBE19\cnvdata\Kult12k0531.cnv;SBE 19;31.05.2025 8:12;31.05.2025 8:59;31.05.2025;None;None;None;None;12 km Kultuk (mpRing);Kult;1235.23;3.6839;0.445336007;tv290C: Temperature [ITS-90, deg C];559;2392;77;2468;not error
CTD_Data\2025\05-06\SBE19\cnvdata\li3k0529.cnv;SBE 19;29.05.2025 1:33;29.05.2025 3:27;29.05.2025;None;None;None;None;3 km Listvyanka;li;1400.775;3.574;0.400981857;tv290C: Temperature [ITS-90, deg C];807;2956;63;3018;not error
CTD_Data\2025\05-06\SBE19\cnvdata\Ma3k0530_100m.cnv;SBE 19;30.05.2025 18:10;30.05.2025 18:43;;None;None;None;None;3 km Marituy;Ma;77.897;5.3504;0.313685368;tv290C: Temperature [ITS-90, deg C];5;384;30;413;not error
CTD_Data\2025\05-06\SBE19\cnvdata\Ma7k0530.cnv;SBE 19;30.05.2025 18:53;30.05.2025 19:45;30.05.2025;None;None;None;None;7 km Marituy;Ma;1341.811;5.2476;0.503160838;tv290C: Temperature [ITS-90, deg C];518;2619;48;2666;not error
CTD_Data\2025\05-06\SBE19\cnvdata\mAcR0606.cnv;SBE 19;06.06.2025 2:10;06.06.2025 2:28;06.06.2025;None;None;None;None;mp Academic ridge;mAcR;402.233;4.5918;0.830141432;tv290C: Temperature [ITS-90, deg C];310;913;39;951;not error
CTD_Data\2025\05-06\SBE19\cnvdata\mArHo0610.cnv;SBE 19;10.06.2025 11:53;10.06.2025 12:14;10.06.2025;None;None;None;None;mp Aral-Hoboy (BVor MM);mArHo;336.305;13.7903;0.621200254;tv290C: Temperature [ITS-90, deg C];139;767;31;797;not error
CTD_Data\2025\05-06\SBE19\cnvdata\mAS0603.cnv;SBE 19;03.06.2025 23:14;04.06.2025 0:03;03.06.2025;None;None;None;None;mp Anga-Sukhaya;mAS;1172.241;7.5585;0.059023336;tv290C: Temperature [ITS-90, deg C];286;2352;34;2385;not error
CTD_Data\2025\05-06\SBE19\cnvdata\mBT0608.cnv;SBE 19;08.06.2025 21:37;08.06.2025 22:09;08.06.2025;None;None;None;None;mp Baikalskoe-Turali;mBT;803.752;5.8134;0.851782026;tv290C: Temperature [ITS-90, deg C];554;1684;2;1685;not error
CTD_Data\2025\05-06\SBE19\cnvdata\mChK0607.cnv;SBE 19;07.06.2025 10:12;07.06.2025 10:47;07.06.2025;None;None;None;None;mp Cheremshaniy-Kabaniy;mChK;889.792;4.3992;0.825985377;tv290C: Temperature [ITS-90, deg C];592;1844;1;1844;not error
CTD_Data\2025\05-06\SBE19\cnvdata\mdPes0602.cnv;SBE 19;02.06.2025 8:31;02.06.2025 9:10;02.06.2025;None;None;None;None;max. depth Peschanka-Istok;mdPes;981.284;6.773;0.466759674;tv290C: Temperature [ITS-90, deg C];610;1948;85;2032;not error
CTD_Data\2025\05-06\SBE19\cnvdata\mdZS0606.cnv;SBE 19;06.06.2025 13:43;06.06.2025 14:19;06.06.2025;None;None;None;None;md Zavorotniy-Sosnovka;mdZS;898.085;11.5978;1.023891609;tv290C: Temperature [ITS-90, deg C];579;1748;43;1790;not error
CTD_Data\2025\05-06\SBE19\cnvdata\mED0606.cnv;SBE 19;06.06.2025 22:29;06.06.2025 23:37;06.06.2025;None;None;None;None;mp Elokhin-Davsha;mED;855.192;3.698;0.908224976;tv290C: Temperature [ITS-90, deg C];568;1701;48;1748;not error
CTD_Data\2025\05-06\SBE19\cnvdata\mGBmal0602.cnv;SBE 19;02.06.2025 1:22;02.06.2025 2:18;02.06.2025;None;None;None;None;mp Goloustnoe-Babushkin (Malenkiy);mGBmal;1312.742;4.8845;0.114841028;tv290C: Temperature [ITS-90, deg C];358;2882;34;2915;not error
CTD_Data\2025\05-06\SBE19\cnvdata\mGK0603.cnv;SBE 19;03.06.2025 18:05;03.06.2025 18:28;03.06.2025;None;None;None;None;mp Goly-Kukuy;mGK;515.512;12.2757;0.330025357;tv290C: Temperature [ITS-90, deg C];470;1121;88;1208;not error
CTD_Data\2025\05-06\SBE19\cnvdata\mHK0605.cnv;SBE 19;05.06.2025 20:38;05.06.2025 21:37;05.06.2025;None;None;None;None;mp Khoboy-Krestoviy;mHK;1627.888;5.1681;0.422604019;tv290C: Temperature [ITS-90, deg C];570;3136;53;3188;not error
CTD_Data\2025\05-06\SBE19\cnvdata\Mi7k0601.cnv;SBE 19;01.06.2025 11:10;01.06.2025 12:05;01.06.2025;None;None;None;None;7 km Mishikha;Mi;1292.378;6.8272;0.248588715;tv290C: Temperature [ITS-90, deg C];550;2761;28;2788;not error
CTD_Data\2025\05-06\SBE19\cnvdata\mIM0531.cnv;SBE 19;31.05.2025 13:52;31.05.2025 15:00;31.05.2025;None;None;None;None;mp Ivanovskiy-Murino;mIM;1293.451;10.5529;3.572652517;tv290C: Temperature [ITS-90, deg C];670;2516;71;2586;not error
CTD_Data\2025\05-06\SBE19\cnvdata\mKM0601.cnv;SBE 19;01.06.2025 14:00;01.06.2025 15:02;01.06.2025;None;None;None;None;mp Kadilniy-Mishikha;mKM;1414.288;4.2088;0.287864653;tv290C: Temperature [ITS-90, deg C];610;2876;50;2925;not error
CTD_Data\2025\05-06\SBE19\cnvdata\mKyKh0602.cnv;SBE 19;02.06.2025 22:14;02.06.2025 22:29;02.06.2025;None;None;None;None;mp Kr.Yar-Kharauz;mKyKh;260.662;6.7724;0.456074037;tv290C: Temperature [ITS-90, deg C];67;658;70;727;not error
CTD_Data\2025\05-06\SBE19\cnvdata\mltpup0529.cnv;SBE 19;29.05.2025 15:29;29.05.2025 16:34;29.05.2025;None;None;None;None;mp Listvyanka-Tankhoy;mltpup;1413.937;4.2018;0.367260838;tv290C: Temperature [ITS-90, deg C];846;3114;57;3170;not error
CTD_Data\2025\05-06\SBE19\cnvdata\mLTpup0529_dasha-5m.cnv;SBE 19;29.05.2025 19:09;29.05.2025 19:22;;None;None;None;None;mp Listvyanka-Tankhoy;mLTpup;11.72;3.4943;0.505453205;tv290C: Temperature [ITS-90, deg C];0;179;67;245;not error
CTD_Data\2025\05-06\SBE19\cnvdata\mLTpup0529_dasha.cnv;SBE 19;29.05.2025 17:31;29.05.2025 18:29;;None;None;None;None;mp Listvyanka-Tankhoy  (dasha);mLTpup;1411.041;3.5716;0.429529601;tv290C: Temperature [ITS-90, deg C];571;2770;79;2848;not error
CTD_Data\2025\05-06\SBE19\cnvdata\mMM0610.cnv;SBE 19;10.06.2025 15:23;10.06.2025 15:50;10.06.2025;None;None;None;None;mp Maloe More;mMM;87.066;13.6682;0.322015895;tv290C: Temperature [ITS-90, deg C];36;427;32;458;not error
CTD_Data\2025\05-06\SBE19\cnvdata\mMS0530.cnv;SBE 19;30.05.2025 21:38;30.05.2025 22:31;30.05.2025;None;None;None;None;mp Marituy-Solzan;mMS;1248.34;3.6544;0.85392533;tv290C: Temperature [ITS-90, deg C];622;2575;71;2645;not error
CTD_Data\2025\05-06\SBE19\cnvdata\mMuUr0607.cnv;SBE 19;07.06.2025 13:08;07.06.2025 14:46;07.06.2025;None;None;None;None;mp Muzhinay-Urbican;mMuUr;885.141;10.1508;0.779216484;tv290C: Temperature [ITS-90, deg C];563;1706;119;1824;not error
CTD_Data\2025\05-06\SBE19\cnvdata\mSoUs0606.cnv;SBE 19;06.06.2025 9:38;06.06.2025 10:21;06.06.2025;None;None;None;None;mp Solnechnaya-Ushkaniy;mSoUs;889.761;10.2286;0.733055159;tv290C: Temperature [ITS-90, deg C];628;1820;57;1876;not error
CTD_Data\2025\05-06\SBE19\cnvdata\mTN0607.cnv;SBE 19;07.06.2025 23:13;07.06.2025 23:42;07.06.2025;None;None;None;None;mp Tiya-Nemnyanka;mTN;655.542;3.3548;1.059459428;tv290C: Temperature [ITS-90, deg C];600;1386;54;1439;not error
CTD_Data\2025\05-06\SBE19\cnvdata\mTS0531.cnv;SBE 19;31.05.2025 17:17;31.05.2025 18:05;31.05.2025;None;None;None;None;mp Tolstiy-Snezhnaya;mTS;1262.802;6.9981;0.283950311;tv290C: Temperature [ITS-90, deg C];562;2501;103;2603;not error
CTD_Data\2025\05-06\SBE19\cnvdata\mUT0604.cnv;SBE 19;04.06.2025 14:26;04.06.2025 15:30;04.06.2025;None;None;None;None;mp Ukhan-Tonkiy;mUT;1564.153;6.7066;0.623913287;tv290C: Temperature [ITS-90, deg C];621;3005;367;3371;not error
CTD_Data\2025\05-06\SBE19\cnvdata\mUT0604_30m.cnv;SBE 19;04.06.2025 17:01;04.06.2025 17:14;;None;None;None;None;mp Ukhan-Tonkiy;mUT;26.381;4.0087;0.606506706;tv290C: Temperature [ITS-90, deg C];3;268;103;370;not error
CTD_Data\2025\05-06\SBE19\cnvdata\mVB0604.cnv;SBE 19;04.06.2025 3:35;04.06.2025 4:34;04.06.2025;None;None;None;None;mp Vorota-Boldakovo;mVB;1368.831;6.2624;0.244170528;tv290C: Temperature [ITS-90, deg C];576;2708;53;2760;not error
CTD_Data\2025\05-06\SBE19\cnvdata\NA7k0608.cnv;SBE 19;08.06.2025 7:02;08.06.2025 7:30;08.06.2025;None;None;None;None;7 km N-Angarsk;NA;470.06;4.9432;1.173125817;tv290C: Temperature [ITS-90, deg C];539;1175;77;1251;not error
CTD_Data\2025\05-06\SBE19\cnvdata\So3k0531_100m.cnv;SBE 19;31.05.2025 4:06;31.05.2025 4:19;;None;None;None;None;3 km Solzan;So;114.599;2.8238;1.161768123;tv290C: Temperature [ITS-90, deg C];0;415;111;525;not error
CTD_Data\2025\05-06\SBE19\cnvdata\So7k0531.cnv;SBE 19;31.05.2025 1:31;31.05.2025 2:56;31.05.2025;None;None;None;None;7 km Solzan;So;840.248;3.2097;0.812511665;tv290C: Temperature [ITS-90, deg C];448;1576;37;1612;not error
CTD_Data\2025\05-06\SBE19\cnvdata\Ta3k0529.cnv;SBE 19;29.05.2025 8:22;07.06.2025 16:09;29.05.2025;None;None;None;None;3 km Tankhoy;Ta;699.611;4.1929;0.635395122;tv290C: Temperature [ITS-90, deg C];650;1509;76;1584;not error
CTD_Data\2025\05-06\SBE19\cnvdata\ta7k0529.cnv;SBE 19;29.05.2025 11:54;29.05.2025 12:47;29.05.2025;None;None;None;None;7 km Tankhoy;ta;1147.311;5.331;0.596414242;tv290C: Temperature [ITS-90, deg C];703;2375;37;2411;not error
CTD_Data\2025\05-06\SBE19\cnvdata\To3k0604.cnv;SBE 19;04.06.2025 20:11;04.06.2025 23:02;04.06.2025;None;None;None;None;3 km Tonkiy;To;431.316;4.8434;0.063688402;tv290C: Temperature [ITS-90, deg C];51;971;66;1036;not error
CTD_Data\2025\05-06\SBE19\cnvdata\To7k0604.cnv;SBE 19;04.06.2025 18:58;04.06.2025 19:50;04.06.2025;None;None;None;None;7 km Tonkiy;To;1065.234;6.4219;0.384275998;tv290C: Temperature [ITS-90, deg C];579;2085;30;2114;not error
CTD_Data\2025\05-06\SBE19\cnvdata\Tu3k0609.cnv;SBE 19;09.06.2025 1:51;09.06.2025 2:19;09.06.2025;None;None;None;None;3 km Turali;Tu;556.095;4.1014;0.350786897;tv290C: Temperature [ITS-90, deg C];574;1175;149;1323;not error
CTD_Data\2025\05-06\SBE19\cnvdata\Tu7k0609.cnv;SBE 19;09.06.2025 0:58;09.06.2025 1:26;09.06.2025;None;None;None;None;7 km Turali;Tu;677.476;3.5612;0.742110371;tv290C: Temperature [ITS-90, deg C];626;1419;101;1519;not error
CTD_Data\2025\05-06\SBE19\cnvdata\Uh3k0604.cnv;SBE 19;04.06.2025 8:34;04.06.2025 9:37;04.06.2025;None;None;None;None;3 km Ukhan;Uh;1605.022;10.0543;0.837031681;tv290C: Temperature [ITS-90, deg C];634;3240;0;3239;not error
CTD_Data\2025\05-06\SBE19\cnvdata\Uh7k0604.cnv;SBE 19;04.06.2025 11:28;04.06.2025 12:31;04.06.2025;None;None;None;None;7 km Ukhan;Uh;1599.926;3.6044;0.833480427;tv290C: Temperature [ITS-90, deg C];610;3143;105;3247;not error
CTD_Data\2025\05-06\sbe25\2\cnvdata\Ba3k0608_loop1.cnv;SBE25;08.06.2025 17:59;08.06.2025 18:15;None.2025;55.34968333;55 20.981;109.2449;109 14.694;3 km Baikalskoe;Ba;597.304;3.0766;0.898549206;t090C: Temperature [ITS-90, deg C];354;1041;299;1339;not error
CTD_Data\2025\05-06\sbe25\2\cnvdata\Ba3k0608_loop2b.cnv;SBE25;08.06.2025 17:59;08.06.2025 18:15;;55.34968333;55 20.981;109.2449;109 14.694;3 km Baikalskoe;Ba;597.304;3.0766;0.898549206;t090C: Temperature [ITS-90, deg C];354;1041;1;1041;not error
CTD_Data\2025\05-06\sbe25\2\cnvdata\BKot7k0601.cnv;SBE25;01.06.2025 20:01;01.06.2025 20:42;01.06.2025;51.84513333;51 50.708;105.1134333;105 06.806;7 km B.Koty;BKot;1418.831;3.6798;0.282825736;t090C: Temperature [ITS-90, deg C];356;2668;651;3318;not error
CTD_Data\2025\05-06\sbe25\cnvdata\Ba3k0608.cnv;SBE25;08.06.2025 17:59;08.06.2025 18:15;08.06.2025;55.34968333;55 20.981;109.2449;109 14.694;3 km Baikalskoe;Ba;597.304;3.0766;0.898549206;t090C: Temperature [ITS-90, deg C];354;1041;2;1042;not error
CTD_Data\2025\05-06\sbe25\cnvdata\Ba7k0608.cnv;SBE25;08.06.2025 19:47;08.06.2025 20:11;08.06.2025;55.34358333;55 20.615;109.3065;109 18.390;7 km Baykalskoe;Ba;782.355;3.2399;0.747135923;t090C: Temperature [ITS-90, deg C];373;1380;4;1383;not error
CTD_Data\2025\05-06\sbe25\cnvdata\BaGulfEx0605.cnv;SBE25;05.06.2025 18:20;05.06.2025 18:57;05.06.2025;53.39933333;53 23.960;108.5618667;108 33.712;BaGulfEx0605;BaGulfEx;1298.461;3.6538;0.322718126;t090C: Temperature [ITS-90, deg C];421;2379;3;2381;not error
CTD_Data\2025\05-06\sbe25\cnvdata\BKot7k0601.cnv;SBE25;01.06.2025 20:01;01.06.2025 20:42;01.06.2025;51.84513333;51 50.708;105.1134333;105 06.806;7 km B.Koty;BKot;1418.831;3.6798;0.282825736;t090C: Temperature [ITS-90, deg C];356;2668;7;2674;not error
CTD_Data\2025\05-06\sbe25\cnvdata\Da3k0606.cnv;SBE25;06.06.2025 19:02;06.06.2025 19:11;06.06.2025;54.37806667;54 22.684;109.42245;109 25.347;3 km Davsha;Da;90.226;3.3813;0.645869787;t090C: Temperature [ITS-90, deg C];0;184;5;188;not error
CTD_Data\2025\05-06\sbe25\cnvdata\Da7k0606.cnv;SBE25;06.06.2025 20:18;06.06.2025 20:39;06.06.2025;54.38725;54 23.235;109.36205;109 21.723;7 km Davsha;Da;440.001;3.3154;0.653677891;t090C: Temperature [ITS-90, deg C];400;856;1;856;not error
CTD_Data\2025\05-06\sbe25\cnvdata\El3k0607.cnv;SBE25;07.06.2025 3:26;07.06.2025 3:50;07.06.2025;54.52876667;54 31.726;108.7046333;108 42.278;3 km Elohin;El;879.107;3.0217;0.943221269;t090C: Temperature [ITS-90, deg C];335;1376;0;1375;not error
CTD_Data\2025\05-06\sbe25\cnvdata\El7k0607.cnv;SBE25;07.06.2025 1:46;07.06.2025 2:11;07.06.2025;54.51635;54 30.981;108.7609667;108 45.658;7 km Elohin;El;888.753;2.9331;1.031246424;t090C: Temperature [ITS-90, deg C];389;1631;2;1632;not error
CTD_Data\2025\05-06\sbe25\cnvdata\exitMM0610.cnv;SBE25;10.06.2025 10:51;10.06.2025 11:07;10.06.2025;55.44425;55 26.655;104.6709833;104 40.259;exit Maloe More;exitMM;338.823;3.4449;0.620380083;t090C: Temperature [ITS-90, deg C];147;662;2;663;not error
CTD_Data\2025\05-06\sbe25\cnvdata\IrkSlav0602.cnv;SBE25;02.06.2025 12:38;02.06.2025 13:10;02.06.2025;52.06155;52 03.693;105.7130333;105 42.782;IrkSlav0602;IrkSlav;1075.508;3.8584;0.138449206;t090C: Temperature [ITS-90, deg C];194;2054;4;2057;not error
CTD_Data\2025\05-06\sbe25\cnvdata\Izh7k0605.cnv;SBE25;05.06.2025 2:53;05.06.2025 3:33;05.06.2025;53.19358333;53 11.615;107.8044333;107 48.266;7 km Izhimey;Izh;1625.942;3.2527;0.711073528;t090C: Temperature [ITS-90, deg C];379;2863;0;2862;not error
CTD_Data\2025\05-06\sbe25\cnvdata\Ka3k0601.cnv;SBE25;01.06.2025 18:23;01.06.2025 19:04;01.06.2025;51.89391667;51 53.635;105.2441333;105 14.648;3 km Kadilny;Ka;1339.365;3.7228;0.289134668;t090C: Temperature [ITS-90, deg C];367;2659;5;2663;not error
CTD_Data\2025\05-06\sbe25\cnvdata\Ka7k0601.cnv;SBE25;01.06.2025 15:49;01.06.2025 16:32;01.06.2025;51.86496667;51 51.898;105.2776833;105 16.661;7 km Kadilny;Ka;1412.988;3.789;0.218717224;t090C: Temperature [ITS-90, deg C];345;2926;12;2937;not error
CTD_Data\2025\05-06\sbe25\cnvdata\KaMi_m0601.cnv;SBE25;01.06.2025 13:01;01.06.2025 13:42;01.06.2025;51.77978333;51 46.787;105.3704167;105 22.225;middle Kadilny-Mishikha;KaMi;1421.168;3.7056;0.274888802;t090C: Temperature [ITS-90, deg C];336;2879;2;2880;not error
CTD_Data\2025\05-06\sbe25\cnvdata\Kha10k0603.cnv;SBE25;03.06.2025 12:01;03.06.2025 12:14;03.06.2025;521.3308167;521 19.849;106.1151667;106 06.910;10 km Kharauz;Kha;158.084;3.6151;0.357084029;t090C: Temperature [ITS-90, deg C];23;373;7;379;not error
CTD_Data\2025\05-06\sbe25\cnvdata\Kha11k0603.cnv;SBE25;03.06.2025 12:21;03.06.2025 12:34;03.06.2025;52.33523333;52 20.114;106.1034;106 06.204;11 km Kharauz;Kha;199.031;3.6091;0.354098657;t090C: Temperature [ITS-90, deg C];99;454;2;455;not error
CTD_Data\2025\05-06\sbe25\cnvdata\Kre6k0603.cnv;SBE25;03.06.2025 19:56;03.06.2025 20:31;03.06.2025;52.60935;52 36.561;106.4969333;106 29.816;6 km Krestovsky;Kre;1118.173;3.2362;0.726425736;t090C: Temperature [ITS-90, deg C];475;2192;5;2196;not error
CTD_Data\2025\05-06\sbe25\cnvdata\Kult12k0531.cnv;SBE25;31.05.2025 9:06;31.05.2025 9:44;31.05.2025;51.67426667;51 40.456;103.8752833;103 52.517;12 km Kultuk;Kult;1234.473;3.6308;0.406910063;t090C: Temperature [ITS-90, deg C];339;2188;2;2189;not error
CTD_Data\2025\05-06\sbe25\cnvdata\Li2k0529.cnv;SBE25;29.05.2025 3:23;29.05.2025 3:56;29.05.2025;51.81895;51 49.137;104.8918667;104 53.512;2 km ot Listvizanka;Li;711.028;3.5423;0.412287766;t090C: Temperature [ITS-90, deg C];364;1426;28;1453;not error
CTD_Data\2025\05-06\sbe25\cnvdata\Li3k0529_2.cnv;SBE25;29.05.2025 21:56;29.05.2025 22:06;None.2025;51.81206667;51 48.724;104.9128833;104 54.773;3 km Listvyanka;Li;96.368;3.6841;0.278525736;t090C: Temperature [ITS-90, deg C];0;298;4;301;not error
CTD_Data\2025\05-06\sbe25\cnvdata\LI4P5K0528.cnv;SBE25;29.05.2025 4:18;29.05.2025 5:06;28.05.2025;51.80228333;51 48.137;104.9585333;104 57.512;4.5 KM LISTVIANKA;LI;1346.085;3.6532;0.316173528;t090C: Temperature [ITS-90, deg C];337;2844;0;2843;not error
CTD_Data\2025\05-06\sbe25\cnvdata\Li5k0611.cnv;SBE25;11.06.2025 10:34;11.06.2025 11:11;11.06.2025;51.799;51 47.940;104.9211667;104 55.270;5 km Listvyanka;Li;1404.224;3.9991;0.055076692;t090C: Temperature [ITS-90, deg C];103;2686;2;2687;not error
CTD_Data\2025\05-06\sbe25\cnvdata\Li7k0531.cnv;SBE25;31.05.2025 21:42;31.05.2025 22:19;31.05.2025;51.78626667;51 47.176;104.9342833;104 56.057;7 km Listvyanka;Li;1405.392;3.658;0.298842982;t090C: Temperature [ITS-90, deg C];319;2548;24;2571;not error
CTD_Data\2025\05-06\sbe25\cnvdata\LiTa_m0601.cnv;SBE25;01.06.2025 0:25;01.06.2025 1:05;01.06.2025;51.70666667;51 42.400;105.0116;105 00.696;middle Listvyanka-Tankhoy;LiTa;1422.921;3.6247;0.338732082;t090C: Temperature [ITS-90, deg C];352;2666;3;2668;not error
CTD_Data\2025\05-06\sbe25\cnvdata\Ma1k0530.cnv;SBE25;30.05.2025 14:50;30.05.2025 15:29;30.05.2025;51.77633333;51 46.580;104.2213667;104 13.282;1 km Marituy;Ma;491.171;3.7428;0.284181562;t090C: Temperature [ITS-90, deg C];303;791;7;797;not error
CTD_Data\2025\05-06\sbe25\cnvdata\Ma3k0530.cnv;SBE25;30.05.2025 16:21;30.05.2025 17:05;30.05.2025;51.75873333;51 45.524;104.2152;104 12.912;3 km Marituy;Ma;1338.196;3.731;0.308021395;t090C: Temperature [ITS-90, deg C];329;2487;2;2488;not error
CTD_Data\2025\05-06\sbe25\cnvdata\Ma400m0530.cnv;SBE25;30.05.2025 14:04;30.05.2025 14:19;30.05.2025;51.78446667;51 47.068;104.2174;104 13.044;400 m Marituy;Ma;99.586;3.5531;0.409570988;t090C: Temperature [ITS-90, deg C];0;529;19;547;not error
CTD_Data\2025\05-06\sbe25\cnvdata\Ma7k0530.cnv;SBE25;30.05.2025 20:01;30.05.2025 23:20;30.05.2025;51.72228333;51 43.337;104.22375;104 13.425;7 km Marituy;Ma;1341.995;3.4893;0.493262833;t090C: Temperature [ITS-90, deg C];336;2480;6;2485;not error
CTD_Data\2025\05-06\sbe25\cnvdata\mAcR0606.cnv;SBE25;06.06.2025 1:11;06.06.2025 1:24;06.06.2025;53.63245;53 37.947;108.1247167;108 07.483;mp Academic Ridge;mAcR;390.875;3.4268;0.537546424;t090C: Temperature [ITS-90, deg C];244;665;2;666;not error
CTD_Data\2025\05-06\sbe25\cnvdata\mAS0604.cnv;SBE25;04.06.2025 0:13;04.06.2025 0:44;04.06.2025;52.66401667;52 39.841;106.8501667;106 51.010;mp Anga-Sukhaya;mAS;1171.357;3.9045;0.057550839;t090C: Temperature [ITS-90, deg C];107;2285;3;2287;not error
CTD_Data\2025\05-06\sbe25\cnvdata\mBaGulf0605.cnv;SBE25;05.06.2025 16:32;05.06.2025 16:45;05.06.2025;53.45368333;53 27.221;108.9880556;108 43 977;middle Barguzin gulf;mBaGulf;173.585;3.4225;0.584403328;t090C: Temperature [ITS-90, deg C];0;348;4;351;not error
CTD_Data\2025\05-06\sbe25\cnvdata\mBaTu0608.cnv;SBE25;08.06.2025 22:09;08.06.2025 22:33;08.06.2025;55.32065;55 19.239;109.4814167;109 28.885;middle Baykalskoe-Turali;mBaTu;803.109;3.1387;0.826202968;t090C: Temperature [ITS-90, deg C];352;1458;6;1463;not error
CTD_Data\2025\05-06\sbe25\cnvdata\mChGulf0610.cnv;SBE25;10.06.2025 2:09;10.06.2025 2:19;10.06.2025;53.75961667;53 45.577;109.12275;109 07.365;middle Chiv gulf;mChGulf;5.397;7.837;None;t090C: Temperature [ITS-90, deg C];0;2;2;3;not error
CTD_Data\2025\05-06\sbe25\cnvdata\mChKa0607.cnv;SBE25;07.06.2025 9:28;07.06.2025 9:57;07.06.2025;54.61703333;54 37.022;109.1158167;109 06.949;seredina Cheremshaniy-Kabaniy;mChKa;889.045;3.1702;0.862076692;t090C: Temperature [ITS-90, deg C];475;1748;6;1753;not error
CTD_Data\2025\05-06\sbe25\cnvdata\mdPes0602.cnv;SBE25;02.06.2025 9:21;02.06.2025 9:49;02.06.2025;51.23096667;51 13.858;105.8008667;105 48.052;max depth Peschanka-Istok;mdPes;982.865;3.5288;0.442794616;t090C: Temperature [ITS-90, deg C];430;1838;2;1839;not error
CTD_Data\2025\05-06\sbe25\cnvdata\mdZS0606.cnv;SBE25;06.06.2025 14:23;06.06.2025 14:48;06.06.2025;54.51861111;54 16 907;108.7418833;108 44.513;max depth Zavorotniy-Sosnovka;mdZS;897.229;2.9506;1.065727987;t090C: Temperature [ITS-90, deg C];362;1619;23;1641;not error
CTD_Data\2025\05-06\sbe25\cnvdata\mED0606.cnv;SBE25;06.06.2025 23:03;06.06.2025 23:29;06.06.2025;54.45176667;54 27.106;109.0675;109 04.050;mp Elokhin-Davsha;mED;858.354;3.0219;0.941873528;t090C: Temperature [ITS-90, deg C];394;1627;5;1631;not error
CTD_Data\2025\05-06\sbe25\cnvdata\mGBmal0602.cnv;SBE25;02.06.2025 0:37;02.06.2025 1:11;02.06.2025;51.91926667;51 55.156;105.6371833;105 38.231;mp Goloustnoe-Babushkin (malenkiy);mGBmal;1308.979;3.8398;0.123973528;t090C: Temperature [ITS-90, deg C];135;2466;2;2467;not error
CTD_Data\2025\05-06\sbe25\cnvdata\mGoKu0603.cnv;SBE25;03.06.2025 17:33;03.06.2025 17:52;03.06.2025;52.46773333;52 28.064;106.289;106 17.34;middle Goliy-Kukuy;mGoKu;522.164;3.6859;0.32350707;t090C: Temperature [ITS-90, deg C];361;983;5;987;not error
CTD_Data\2025\05-06\sbe25\cnvdata\mHK0605.cnv;SBE25;05.06.2025 21:39;05.06.2025 22:19;05.06.2025;53.3563;53 21.378;108.2182167;108 13.093;mp Hoboy-Krestoviy;mHK;1627.986;3.518;0.446346424;t090C: Temperature [ITS-90, deg C];357;2736;2;2737;not error
CTD_Data\2025\05-06\sbe25\cnvdata\Mi3k0601.cnv;SBE25;01.06.2025 8:48;01.06.2025 9:14;01.06.2025;51.66871667;51 40.123;105.5089333;105 30.536;3 km Mishikha;Mi;641.743;3.623;0.352039557;t090C: Temperature [ITS-90, deg C];410;1350;9;1358;not error
CTD_Data\2025\05-06\sbe25\cnvdata\Mi7k0601.cnv;SBE25;01.06.2025 9:44;01.06.2025 10:25;01.06.2025;51.69706667;51 41.824;105.4670167;105 28.021;7 km Mishikha;Mi;1370.334;3.7352;0.242054598;t090C: Temperature [ITS-90, deg C];290;2757;4;2760;not error
CTD_Data\2025\05-06\sbe25\cnvdata\minBug0603.cnv;SBE25;03.06.2025 13:41;03.06.2025 13:59;03.06.2025;52.47388333; 52 28.433;106.1157167;106 06.943;minimum Bugul'deika;minBug;380.348;3.5448;0.457835923;t090C: Temperature [ITS-90, deg C];246;784;2;785;not error
CTD_Data\2025\05-06\sbe25\cnvdata\mIvMu0531.cnv;SBE25;31.05.2025 13:10;31.05.2025 13:45;31.05.2025;51.64625;51 38.775;104.4311667;104 25.870;seredina Ivanovskiy-Murino;mIvMu;1297.292;3.4133;0.675717224;t090C: Temperature [ITS-90, deg C];362;2329;29;2357;not error
CTD_Data\2025\05-06\sbe25\cnvdata\mKA0607.cnv;SBE25;07.06.2025 15:59;07.06.2025 16:22;07.06.2025;55.04306667;55 02.584;109.4349;109 26.094;mp Kotelnikovskiy-Amnundakan;mKA;759.262;3.3754;0.626132649;t090C: Temperature [ITS-90, deg C];347;1208;2;1209;not error
CTD_Data\2025\05-06\sbe25\cnvdata\mKyKh0602.cnv;SBE25;02.06.2025 22:35;02.06.2025 22:47;02.06.2025;52.34526667;52 20.716;106.0648;106 03.888;mp KrYar-Kharauz;mKyKh;256.938;3.5072;0.464550839;t090C: Temperature [ITS-90, deg C];54;495;2;496;not error
CTD_Data\2025\05-06\sbe25\cnvdata\mLT0611.cnv;SBE25;11.06.2025 8:39;11.06.2025 9:21;11.06.2025;51.70533333;51 42.320;105.0116;105 00.696;mp Listvyanka-Tankhoy;mLT;1423.505;4.1123;None;t090C: Temperature [ITS-90, deg C];0;2832;61;2892;not error
CTD_Data\2025\05-06\sbe25\cnvdata\mMM0610.cnv;SBE25;10.06.2025 14:51;10.06.2025 15:03;10.06.2025;23.24258333;23 14.555;107.2540167;107 15.241;middle Maloe More;mMM;86.716;3.7615;0.285439473;t090C: Temperature [ITS-90, deg C];0;169;2;170;not error
CTD_Data\2025\05-06\sbe25\cnvdata\mMS0530.cnv;SBE25;30.05.2025 22:41;30.05.2025 23:12;30.05.2025;51.64645;51 38.787;104.2234;104 13.404;mp Marituy-Solzan;mMS;1227.752;3.1268;0.840550839;t090C: Temperature [ITS-90, deg C];333;2185;3;2187;not error
CTD_Data\2025\05-06\sbe25\cnvdata\mMuUr0607.cnv;SBE25;07.06.2025 12:38;07.06.2025 13:04;07.06.2025;54.83311667;54 49.987;109.25175;109 15.105;middle Mujinay-Urbikan;mMuUr;884.076;3.2677;0.758362833;t090C: Temperature [ITS-90, deg C];400;1646;2;1647;not error
CTD_Data\2025\05-06\sbe25\cnvdata\mSU0606.cnv;SBE25;06.06.2025 10:12;06.06.2025 10:38;06.06.2025;52.94273333;52 56.564;108.4306;108 25.836;middle Solhechnaya-Ushkaniy;mSU;889.337;3.2395;0.726297728;t090C: Temperature [ITS-90, deg C];441;1584;16;1599;not error
CTD_Data\2025\05-06\sbe25\cnvdata\mTN0607.cnv;SBE25;07.06.2025 23:51;08.06.2025 0:13;07.06.2025;55.56728333;55 34.037;109.5949667;109 35.698;mp Tiya-Nemnyanka;mTN;655.191;2.9063;1.057473528;t090C: Temperature [ITS-90, deg C];445;1355;0;1354;not error
CTD_Data\2025\05-06\sbe25\cnvdata\mTS0531.cnv;SBE25;31.05.2025 15:49;31.05.2025 16:21;31.05.2025;51.63395;51 38.037;104.62095;104 37.257;mp Tolstiy-Snezhnaya;mTS;1269.827;3.909;0.290394616;t090C: Temperature [ITS-90, deg C];322;2199;4;2202;not error
CTD_Data\2025\05-06\sbe25\cnvdata\mUT0604.cnv;SBE25;04.06.2025 15:32;04.06.2025 16:21;04.06.2025;52.89386667;52 53.632;107.5317;107 31.902;mp Uhan-Tonkiy;mUT;1564.893;3.3894;0.597939557;t090C: Temperature [ITS-90, deg C];411;2957;0;2956;not error
CTD_Data\2025\05-06\sbe25\cnvdata\mVB0604.cnv;SBE25;04.06.2025 2:38;04.06.2025 3:13;04.06.2025;52.79385;52 47.631;107.1183667;107 07.102;mp Vorota-Boldakova;mVB;1368.873;3.7213;0.241325736;t090C: Temperature [ITS-90, deg C];260;2495;4;2498;not error
CTD_Data\2025\05-06\sbe25\cnvdata\NA7k0608.cnv;SBE25;08.06.2025 7:32;08.06.2025 7:50;08.06.2025;55.71631667;55 42.979;109.6239833;109 37.439;7 km Nizhneangarsk;NA;485.615;2.8053;1.164766414;t090C: Temperature [ITS-90, deg C];380;974;0;973;not error
CTD_Data\2025\05-06\sbe25\cnvdata\So3k0531.cnv;SBE25;31.05.2025 3:31;31.05.2025 3:44;31.05.2025;51.5271;51 31.626;104.23545;104 14.127;3 km Solzan;So;381.225;3.0987;0.876402968;t090C: Temperature [ITS-90, deg C];238;679;4;682;not error
CTD_Data\2025\05-06\sbe25\cnvdata\So400m0531.cnv;SBE25;31.05.2025 4:54;31.05.2025 5:07;31.05.2025;51.50373333;51 30.224;104.2482667;104 14.896;400 m Solzan;So;78.818;3.4113;0.543514649;t090C: Temperature [ITS-90, deg C];0;328;29;356;not error
CTD_Data\2025\05-06\sbe25\cnvdata\So7k0531.cnv;SBE25;31.05.2025 2:20;31.05.2025 2:44;31.05.2025;51.56488333;51 33.893;104.23;104 13.800;7 km Solzan;So;872.385;3.1766;0.787698657;t090C: Temperature [ITS-90, deg C];328;1578;1;1578;not error
CTD_Data\2025\05-06\sbe25\cnvdata\Ta3k0529.cnv;SBE25;29.05.2025 9:02;29.05.2025 9:49;29.05.2025;51.58991667;51 35.395;105.1133833;105 06.803;3 KM OT rANHOY;Ta;682.671;3.4119;0.612435923;t090C: Temperature [ITS-90, deg C];402;1354;12;1365;not error
CTD_Data\2025\05-06\sbe25\cnvdata\Ta7k0529.cnv;SBE25;29.05.2025 13:20;29.05.2025 14:04;29.05.2025;51.62243333;51 37.346;105.0886833;105 05.321;7 km Tanhoy;Ta;1157.915;3.3867;0.585566414;t090C: Temperature [ITS-90, deg C];387;2262;8;2269;not error
CTD_Data\2025\05-06\sbe25\cnvdata\To3k0604.cnv;SBE25;04.06.2025 20:36;04.06.2025 20:52;04.06.2025;52.74135;52 44.481;107.6442167;107 38.653;3 km Tonkiy;To;449.942;4.4157;0.05931686;t090C: Temperature [ITS-90, deg C];26;786;0;785;not error
CTD_Data\2025\05-06\sbe25\cnvdata\To7k0604.cnv;SBE25;04.06.2025 18:20;04.06.2025 18:49;04.06.2025;52.77671667;52 46.603;107.6166333;107 36.998;7 km Tonkiy;To;1057.973;3.6578;0.360570988;t090C: Temperature [ITS-90, deg C];447;1888;10;1897;not error
CTD_Data\2025\05-06\sbe25\cnvdata\Tu3k0608.cnv;SBE25;09.06.2025 2:12;09.06.2025 2:30;08.06.2025;55.294;55 17.640;109.70885;109 42.531;3 km Turali;Tu;589.41;3.5577;0.41930707;t090C: Temperature [ITS-90, deg C];371;932;6;937;not error
CTD_Data\2025\05-06\sbe25\cnvdata\Tu7k0608.cnv;SBE25;09.06.2025 0:19;09.06.2025 0:40;08.06.2025;55.30093333;55 18.056;109.6490667;109 38.944;7 km Turali;Tu;670.393;3.2288;0.735546424;t090C: Temperature [ITS-90, deg C];423;1281;0;1280;not error
CTD_Data\2025\05-06\sbe25\cnvdata\Uh3k0604.cnv;SBE25;04.06.2025 9:48;04.06.2025 10:27;04.06.2025;53.04975;53 02.985;107.42115;107 25.269;3 km Ukhan;Uh;1603.158;3.1782;0.839570988;t090C: Temperature [ITS-90, deg C];367;2760;5;2764;not error
CTD_Data\2025\05-06\sbe25\cnvdata\uh3k0604_SV.cnv;SBE25;04.06.2025 9:48;04.06.2025 10:27;;53.04975;53 02.985;107.42115;107 25.269;3 km Ukhan;uh;1603.158;3.1782;0.839570988;t090C: Temperature [ITS-90, deg C];367;2760;4;2763;not error
CTD_Data\2025\05-06\sbe25\cnvdata\Uh7k0604.cnv;SBE25;04.06.2025 12:36;04.06.2025 13:19;04.06.2025;53.01613333;53 00.968;107.4461167;107 26.767;7 km Ukhan;Uh;1599.653;3.2414;0.830697728;t090C: Temperature [ITS-90, deg C];393;2846;4;2849;not error
CTD_Data\2025\07-08\sbe19_07_2025\cnvdata\Izh7k0728.cnv;SBE 19;28.07.2025 6:49;28.07.2025 7:50;28.07.2025;None;None;None;None;7 km Izhimey;Izh;1626.863;12.5576;None;tv290C: Temperature [ITS-90, deg C];0;3157;91;3247;not error
CTD_Data\2025\07-08\sbe19_07_2025\cnvdata\Ku12k0722.cnv;SBE 19;22.07.2025 19:21;22.07.2025 20:12;22.07.2025;None;None;None;None;12 km Kultuk (mpRing);Ku;1244.858;16.8602;None;tv290C: Temperature [ITS-90, deg C];0;2441;18;2458;not error
CTD_Data\2025\07-08\sbe19_07_2025\cnvdata\Mangatuy4k_0722.cnv;SBE 19;22.07.2025 22:44;22.07.2025 23:30;22.07.2025;None;None;None;None;7 km Slyudyanka (mShamanskiy);Mangatuy;681.22;14.2614;None;tv290C: Temperature [ITS-90, deg C];0;1279;74;1352;not error
CTD_Data\2025\07-08\sbe19_07_2025\cnvdata\mAS0727.cnv;SBE 19;27.07.2025 11:38;27.07.2025 13:02;27.07.2025;None;None;None;None;mp Anga-Sukhaya;mAS;1171.591;15.2442;None;tv290C: Temperature [ITS-90, deg C];0;2366;93;2458;not error
CTD_Data\2025\07-08\sbe19_07_2025\cnvdata\mBarg0728.cnv;SBE 19;28.07.2025 19:39;28.07.2025 19:52;28.07.2025;None;None;None;None;mp Barguzin gulf;mBarg;143.879;15.8152;0.030209292;tv290C: Temperature [ITS-90, deg C];74;541;63;603;not error
CTD_Data\2025\07-08\sbe19_07_2025\cnvdata\mBT0730.cnv;SBE 19;30.07.2025 13:33;30.07.2025 17:15;30.07.2025;None;None;None;None;mp Baikalskoe-Turali;mBT;805.381;24.7199;0.009848234;tv290C: Temperature [ITS-90, deg C];26;1500;44;1543;not error
CTD_Data\2025\07-08\sbe19_07_2025\cnvdata\mdZS0729.cnv;SBE 19;29.07.2025 14:12;29.07.2025 14:53;29.07.2025;None;None;None;None;md Zavorotniy-Sosnovka;mdZS;898.726;22.679;None;tv290C: Temperature [ITS-90, deg C];0;1764;70;1833;not error
CTD_Data\2025\07-08\sbe19_07_2025\cnvdata\mED0729.cnv;SBE 19;29.07.2025 20:49;29.07.2025 21:24;29.07.2025;None;None;None;None;mp Elokhin-Davsha;mED;838.944;15.3404;0.016108301;tv290C: Temperature [ITS-90, deg C];49;1752;52;1803;not error
CTD_Data\2025\07-08\sbe19_07_2025\cnvdata\mHK0728.cnv;SBE 19;28.07.2025 15:55;28.07.2025 19:25;28.07.2025;None;None;None;None;mp Khoboy-Krestoviy;mHK;1629.448;20.6057;None;tv290C: Temperature [ITS-90, deg C];0;3095;71;3165;not error
CTD_Data\2025\07-08\sbe19_07_2025\cnvdata\mKA0730.cnv;SBE 19;30.07.2025 7:46;30.07.2025 8:37;30.07.2025;None;None;None;None;mp Kotelnikovskiy-Amnundakan;mKA;756.798;18.3923;None;tv290C: Temperature [ITS-90, deg C];0;1618;122;1739;not error
CTD_Data\2025\07-08\sbe19_07_2025\cnvdata\mKaMi0726.cnv;SBE 19;26.07.2025 6:36;26.07.2025 7:34;26.07.2025;None;None;None;None;mp Kadilniy-Mishikha;mKaMi;1435.742;13.3539;None;tv290C: Temperature [ITS-90, deg C];0;2885;92;2976;not error
CTD_Data\2025\07-08\sbe19_07_2025\cnvdata\mKyKh0727.cnv;SBE 19;27.07.2025 1:23;27.07.2025 1:44;27.07.2025;None;None;None;None;mp Kr.Yar-Kharauz;mKyKh;258.892;16.0681;0.010591239;tv290C: Temperature [ITS-90, deg C];53;739;85;823;not error
CTD_Data\2025\07-08\sbe19_07_2025\cnvdata\mLTpup0725.cnv;SBE 19;25.07.2025 16:46;25.07.2025 17:42;25.07.2025;None;None;None;None;mp Listvyanka-Tankhoy;mLTpup;1394.435;17.7236;None;tv290C: Temperature [ITS-90, deg C];0;2744;20;2763;not error
CTD_Data\2025\07-08\sbe19_07_2025\cnvdata\mMM0727.cnv;SBE 19;27.07.2025 22:46;27.07.2025 22:58;27.07.2025;None;None;None;None;mp Maloe More;mMM;86.518;16.2209;None;tv290C: Temperature [ITS-90, deg C];0;423;114;536;not error
CTD_Data\2025\07-08\sbe19_07_2025\cnvdata\mSU0729.cnv;SBE 19;29.07.2025 8:42;29.07.2025 9:19;29.07.2025;None;None;None;None;mp Solnechnaya-Ushkaniy;mSU;890.581;17.1384;None;tv290C: Temperature [ITS-90, deg C];0;1997;19;2015;not error
CTD_Data\2025\07-08\sbe19_07_2025\cnvdata\mTN0731.cnv;SBE 19;31.07.2025 16:30;31.07.2025 17:05;31.07.2025;None;None;None;None;mp Tiya-Nemnyanka;mTN;661.64;22.6674;None;tv290C: Temperature [ITS-90, deg C];0;1384;102;1485;not error
CTD_Data\2025\07-08\sbe19_07_2025\cnvdata\mUT0801.cnv;SBE 19;01.08.2025 20:37;01.08.2025 22:39;01.08.2025;None;None;None;None;mp Ukhan-Tonkiy;mUT;1566.73;18.7645;None;tv290C: Temperature [ITS-90, deg C];0;3199;97;3295;not error
CTD_Data\2025\07-08\sbe19_07_2025\cnvdata\NA7k0731.cnv;SBE 19;31.07.2025 8:53;31.07.2025 9:19;31.07.2025;None;None;None;None;7 km N-Angarsk;NA;487.213;21.1246;0.115742153;tv290C: Temperature [ITS-90, deg C];197;1097;94;1190;not error
CTD_Data\2025\07-08\sbe19_07_2025\July(Sl)\cnvdata\july(slava)_063.cnv;SBE 19;30.06.2025 19:04;23.07.2025 18:26;None.2025;None;None;None;None;None;july;1407.643;13.8133;None;tv290C: Temperature [ITS-90, deg C];0;2707;42;2748;not error
CTD_Data\2025\07-08\sbe19_07_2025\July(Sl)\cnvdata\july(slava)_064.cnv;SBE 19;01.07.2025 15:01;23.07.2025 18:28;None.2025;None;None;None;None;None;july;455.568;15.9641;None;tv290C: Temperature [ITS-90, deg C];0;1030;50;1079;not error
CTD_Data\2025\07-08\sbe19_07_2025\July(Sl)\cnvdata\july(slava)_065.cnv;SBE 19;02.07.2025 12:54;23.07.2025 18:29;None.2025;None;None;None;None;None;july;1414.339;10.3624;0.059129444;tv290C: Temperature [ITS-90, deg C];18;2794;61;2854;not error
CTD_Data\2025\07-08\sbe19_07_2025\July(Sl)\cnvdata\july(slava)_066.cnv;SBE 19;02.07.2025 16:02;23.07.2025 19:09;None.2025;None;None;None;None;None;july;1486.743;15.2977;0.002404491;tv290C: Temperature [ITS-90, deg C];5;4504;69;4572;not error
CTD_Data\2025\07-08\sbe19_07_2025\July(Sl)\cnvdata\july(slava)_067.cnv;SBE 19;03.07.2025 8:59;23.07.2025 19:36;None.2025;None;None;None;None;None;july;887.895;13.2002;0.023642896;tv290C: Temperature [ITS-90, deg C];91;1808;105;1912;not error
CTD_Data\2025\07-08\sbe19_07_2025\July(Sl)\cnvdata\july(slava)_068.cnv;SBE 19;08.07.2025 5:58;23.07.2025 19:39;None.2025;None;None;None;None;None;july;855.379;12.0277;0.001228161;tv290C: Temperature [ITS-90, deg C];6;1893;23;1915;not error
CTD_Data\2025\07-08\sbe19_07_2025\July(Sl)\cnvdata\july(slava)_069.cnv;SBE 19;08.07.2025 13:53;23.07.2025 19:42;None.2025;None;None;None;None;None;july;345.85;14.7315;None;tv290C: Temperature [ITS-90, deg C];0;702;68;769;not error
CTD_Data\2025\07-08\sbe19_07_2025\July(Sl)\cnvdata\july(slava)_070.cnv;SBE 19;09.07.2025 16:31;23.07.2025 19:45;None.2025;None;None;None;None;None;july;756.825;15.5185;None;tv290C: Temperature [ITS-90, deg C];0;1794;125;1918;not error
CTD_Data\2025\07-08\sbe25\cnvdata\7kNi0828.cnv;SBE25;28.07.2025 23:00;28.07.2025 23:36;28.08.2025;53.53485;53 32.091;108.4325833;108 25.955;7 km iznee Izgolovie;7kNi;1336.151;17.4874;None;t090C: Temperature [ITS-90, deg C];0;2275;2;2276;not error
CTD_Data\2025\07-08\sbe25\cnvdata\Ba3k0730.cnv;SBE25;30.07.2025 10:59;30.07.2025 11:22;30.07.2025;55.35096667;55 21.058;109.2455833;109 14.735;3 km Baykalskoe;Ba;595.55;17.2191;0.106595732;t090C: Temperature [ITS-90, deg C];222;1087;1;1087;not error
CTD_Data\2025\07-08\sbe25\cnvdata\Ba7k0730.cnv;SBE25;30.07.2025 11:42;30.07.2025 12:03;30.07.2025;55.34356667;55 20.614;109.3086;109 18.516;7 km Baikalskoe;Ba;784.694;16.5699;0.022571655;t090C: Temperature [ITS-90, deg C];40;1371;7;1377;not error
CTD_Data\2025\07-08\sbe25\cnvdata\Da3k0729.cnv;SBE25;30.07.2025 0:20;30.07.2025 0:28;29.07.2025;54.3797;54 22.782;109.4229333;109 25.376;3 km Davsha;Da;90.226;16.9043;0.048414643;t090C: Temperature [ITS-90, deg C];65;248;9;256;not error
CTD_Data\2025\07-08\sbe25\cnvdata\Da7k0729.cnv;SBE25;29.07.2025 23:32;29.07.2025 23:50;29.07.2025;54.38766667;54 23.260;109.3644167;109 21.865;7 km Davsha;Da;431.228;16.6946;0.068980464;t090C: Temperature [ITS-90, deg C];137;786;9;794;not error
CTD_Data\2025\07-08\sbe25\cnvdata\El3k0729.cnv;SBE25;29.07.2025 18:03;29.07.2025 18:28;29.07.2025;54.52846667;54 31.708;108.70715;108 42.429;3 km Elohin;El;882.322;12.51;0.097401453;t090C: Temperature [ITS-90, deg C];163;1632;2;1633;not error
CTD_Data\2025\07-08\sbe25\cnvdata\El7k0729.cnv;SBE25;29.07.2025 18:51;29.07.2025 19:14;29.07.2025;54.51688333;54 31.013;108.7612167;108 45.673;7 km Elohin;El;889.337;6.1841;0.03319549;t090C: Temperature [ITS-90, deg C];55;1576;56;1631;not error
CTD_Data\2025\07-08\sbe25\cnvdata\Iz7k0728.cnv;SBE25;28.07.2025 5:50;28.07.2025 6:34;28.07.2025;53.1938;53 11.628;107.8077333;107 48.464;7 km Izhimej;Iz;1566.646;12.5031;0.011652556;t090C: Temperature [ITS-90, deg C];71;3034;0;3033;not error
CTD_Data\2025\07-08\sbe25\cnvdata\Ka3k0726.cnv;SBE25;26.07.2025 9:34;26.07.2025 10:09;26.07.2025;51.89311667;51 53.587;105.2433333;105 14.600;3 km Kadilnij;Ka;1371.795;11.9836;None;t090C: Temperature [ITS-90, deg C];0;2303;10;2312;not error
CTD_Data\2025\07-08\sbe25\cnvdata\Ka7k0726.cnv;SBE25;26.07.2025 8:27;26.07.2025 9:08;26.07.2025;51.8637;51 51.822;105.2777667;105 16.666;7 km Kadilnij;Ka;1414.157;13.1923;None;t090C: Temperature [ITS-90, deg C];0;2506;1;2506;not error
CTD_Data\2025\07-08\sbe25\cnvdata\Kha11k0727.cnv;SBE25;27.07.2025 4:38;27.07.2025 4:53;27.07.2025;52.33028333;52 19.817;106.10855;106 06.513;11 km Harauz;Kha;154.282;14.4887;None;t090C: Temperature [ITS-90, deg C];0;340;4;343;not error
CTD_Data\2025\07-08\sbe25\cnvdata\Ku12k0722.cnv;SBE25;22.07.2025 17:46;22.07.2025 18:21;22.07.2025;51.67763333;51 40,658;103.87105;103 52,263;12kmKultuk;Ku;1249.374;17.5796;None;t090C: Temperature [ITS-90, deg C];0;2232;4;2235;not error
CTD_Data\2025\07-08\sbe25\cnvdata\Ku12k0722_100m.cnv;SBE25;22.07.2025 17:39;22.07.2025 19:10;;None;None;None;None;12 km Kultuk (to 100 m);Ku;147.554;12.4884;None;t090C: Temperature [ITS-90, deg C];0;284;32;315;not error
CTD_Data\2025\07-08\sbe25\cnvdata\Li3k0725.cnv;SBE25;25.07.2025 0:12;25.07.2025 0:46;25.07.2025;51.81668333;51 49.001;104.907;104 54.420;3 km Listvyanka;Li;1402.471;12.4535;None;t090C: Temperature [ITS-90, deg C];0;2483;4;2486;not error
CTD_Data\2025\07-08\sbe25\cnvdata\Li7k0724.cnv;SBE25;24.07.2025 22:55;24.07.2025 23:34;24.07.2025;51.78575;51 47.145;104.9328167;104 55.969;7 km Listvianka;Li;1406.269;13.8742;None;t090C: Temperature [ITS-90, deg C];0;2638;4;2641;not error
CTD_Data\2025\07-08\sbe25\cnvdata\Ma10k0723.cnv;SBE25;23.07.2025 18:01;23.07.2025 18:37;23.07.2025;51.69525;51 41.715;104.2197833;104 13.187;10 km Marituj;Ma;1323.004;14.4431;None;t090C: Temperature [ITS-90, deg C];0;2350;0;2349;not error
CTD_Data\2025\07-08\sbe25\cnvdata\Ma1k0724.cnv;SBE25;24.07.2025 0:24;24.07.2025 0:44;24.07.2025;51.7751;51 46.506;104.2193667;104 13.162;1 km Marotuj;Ma;541.169;11.7613;None;t090C: Temperature [ITS-90, deg C];0;914;14;927;not error
CTD_Data\2025\07-08\sbe25\cnvdata\Ma3k0723.cnv;SBE25;23.07.2025 22:57;23.07.2025 23:31;23.07.2025;51.75873333;51 45.524;104.2213833;104 13.283;3 km Marituj;Ma;1339.365;13.5272;None;t090C: Temperature [ITS-90, deg C];0;2218;1;2218;not error
CTD_Data\2025\07-08\sbe25\cnvdata\Ma5k0723.cnv;SBE25;23.07.2025 20:34;23.07.2025 21:08;23.07.2025;51.74053333;51 44.432;104.22115;104 13.269;5 km Marituj;Ma;1342.579;14.6468;None;t090C: Temperature [ITS-90, deg C];0;2228;1;2228;not error
CTD_Data\2025\07-08\sbe25\cnvdata\Ma7k0723.cnv;SBE25;23.07.2025 18:54;23.07.2025 19:26;23.07.2025;51.72295;51 43.377;104.22575;104 13.545;7 km Marituy;Ma;1342.871;14.8494;None;t090C: Temperature [ITS-90, deg C];0;2255;2;2256;not error
CTD_Data\2025\07-08\sbe25\cnvdata\mAH0728.cnv;SBE25;28.07.2025 1:36;28.07.2025 1:49;28.07.2025;53.44196667;53 26.518;107.6739;107 40.434;mp Aral-Khoboy;mAH;333.267;13.2472;None;t090C: Temperature [ITS-90, deg C];0;608;1;608;not error
CTD_Data\2025\07-08\sbe25\cnvdata\mAnSu0727.cnv;SBE25;27.07.2025 10:47;27.07.2025 11:22;27.07.2025;52.65605;52 39.363;106.8523;106 51.138;seredina Anga-Suhaja;mAnSu;1169.019;15.0818;None;t090C: Temperature [ITS-90, deg C];0;2194;4;2197;not error
CTD_Data\2025\07-08\sbe25\cnvdata\mBaTu0730.cnv;SBE25;30.07.2025 12:56;30.07.2025 13:22;30.07.2025;55.31978333;55 19.187;109.4806833;109 28.841;seredina Baykalskoe-Turali;mBaTu;803.694;16.4565;0.048889762;t090C: Temperature [ITS-90, deg C];82;1430;6;1435;not error
CTD_Data\2025\07-08\sbe25\cnvdata\mBrag0728.cnv;SBE25;28.07.2025 19:24;28.07.2025 19:42;28.07.2025;53.45398333;53 27.239;108.7409;108 44.454;seredina arguzinskogo zaliva;mBrag;152.527;14.991;0.060332898;t090C: Temperature [ITS-90, deg C];84;309;0;308;not error
CTD_Data\2025\07-08\sbe25\cnvdata\mChKa0730.cnv;SBE25;30.07.2025 2:57;30.07.2025 3:26;30.07.2025;54.61868333;54 37.121;109.11915;109 07.149;seredina Cheremshanij-Kabanij;mChKa;889.922;15.4139;0.034316102;t090C: Temperature [ITS-90, deg C];66;1612;0;1611;not error
CTD_Data\2025\07-08\sbe25\cnvdata\mdBug0727.cnv;SBE25;27.07.2025 6:04;27.07.2025 6:19;27.07.2025;52.4735;52 28.410;106.11735;106 07.041;min depth Buguldeyka;mdBug;380.348;15.3948;None;t090C: Temperature [ITS-90, deg C];0;676;3;678;not error
CTD_Data\2025\07-08\sbe25\cnvdata\mdPesch0726.cnv;SBE25;26.07.2025 22:32;26.07.2025 22:58;26.07.2025;52.23306667;52 13.984;105.8018333;105 48.110;max depth Peschanka;mdPesch;982.573;16.0413;None;t090C: Temperature [ITS-90, deg C];0;1720;12;1731;not error
CTD_Data\2025\07-08\sbe25\cnvdata\mdZav0729.cnv;SBE25;29.07.2025 13:40;29.07.2025 14:06;29.07.2025;54.28128333;54 16.877;108.74;108 44.400;max depth Zavorotnij;mdZav;897.814;15.4712;0.015768184;t090C: Temperature [ITS-90, deg C];34;1574;2;1575;not error
CTD_Data\2025\07-08\sbe25\cnvdata\mElDa0729.cnv;SBE25;29.07.2025 21:38;29.07.2025 22:07;29.07.2025;54.451;54 27.060;109.0706333;109 04.238;seredina Elohin-Davsha;mElDa;860.693;13.8624;0.021364017;t090C: Temperature [ITS-90, deg C];80;1807;17;1823;not error
CTD_Data\2025\07-08\sbe25\cnvdata\melkiy.cnv;SBE25;02.08.2025 9:20;02.08.2025 9:36;;52.65528333;52 39.317;107.35025;107 21.015;Melkiy;melkiy;375.377;17.9295;None;t090C: Temperature [ITS-90, deg C];0;685;1;685;not error
CTD_Data\2025\07-08\sbe25\cnvdata\mGoBa0726.cnv;SBE25;26.07.2025 13:28;26.07.2025 14:02;26.07.2025;51.92066667;51 55.240;105.63305;105 37.983;seredina Goloustnoe-Babushkin;mGoBa;1329.431;13.8174;None;t090C: Temperature [ITS-90, deg C];0;2289;0;2288;not error
CTD_Data\2025\07-08\sbe25\cnvdata\mHoKr0728.cnv;SBE25;28.07.2025 14:54;28.07.2025 15:39;28.07.2025;53.35686667;53 21.412;108.2179;108 13.074;seredina Hoboj-Krestovij;mHoKr;1628.862;14.5293;0.029110443;t090C: Temperature [ITS-90, deg C];89;3044;0;3043;not error
CTD_Data\2025\07-08\sbe25\cnvdata\Mi3K0726.cnv;SBE25;26.07.2025 3:12;26.07.2025 3:39;26.07.2025;51.66943333;51 40.166;105.5025167;105 30.151;3 km Mishiha;Mi;701.381;17.2911;None;t090C: Temperature [ITS-90, deg C];0;1320;6;1325;not error
CTD_Data\2025\07-08\sbe25\cnvdata\Mi7k0726.cnv;SBE25;26.07.2025 4:12;26.07.2025 4:47;26.07.2025;51.69576667;51 41.746;105.4664333;105 27.986;7 km Mishiha;Mi;1368.581;16.22;None;t090C: Temperature [ITS-90, deg C];0;2408;2;2409;not error
CTD_Data\2025\07-08\sbe25\cnvdata\mi7k0726_SV.cnv;SBE25;26.07.2025 4:12;26.07.2025 4:47;;51.69576667;51 41.746;105.4664333;105 27.986;7 km Mishiha;mi;1368.581;16.22;None;t090C: Temperature [ITS-90, deg C];0;2408;277;2684;not error
CTD_Data\2025\07-08\sbe25\cnvdata\Mi7k0803.cnv;SBE25;03.08.2025 3:21;03.08.2025 3:59;03.08.2025;51.69776667;51 41.866;105.4745833;105 28.475;7 km Mishikha;Mi;1358.063;17.2618;None;t090C: Temperature [ITS-90, deg C];0;2517;8;2524;not error
CTD_Data\2025\07-08\sbe25\cnvdata\mIM0724.cnv;SBE25;24.07.2025 8:37;24.07.2025 9:13;24.07.2025;51.6497;51 38.982;104.43725;104 26.235;mp Ivanovskiy-Murino;mIM;1310.148;13.8881;None;t090C: Temperature [ITS-90, deg C];0;2428;0;2427;not error
CTD_Data\2025\07-08\sbe25\cnvdata\mKaAm0730.cnv;SBE25;30.07.2025 7:13;30.07.2025 7:40;30.07.2025;55.04525;55 02.715;109.43165;109 25.899;seredina Katelnikovskij-Amnundakan;mKaAm;768.324;16.9064;None;t090C: Temperature [ITS-90, deg C];0;1488;15;1502;not error
CTD_Data\2025\07-08\sbe25\cnvdata\mKaMi0726.cnv;SBE25;26.07.2025 5:42;26.07.2025 6:18;26.07.2025;51.77925;51 46.755;105.3751;105 22.506;seredina Kadilnij-Mishiha;mKaMi;1435.483;12.7219;None;t090C: Temperature [ITS-90, deg C];0;2525;2;2526;not error
CTD_Data\2025\07-08\sbe25\cnvdata\mKrYH0727.cnv;SBE25;27.07.2025 1:03;27.07.2025 1:21;27.07.2025;52.34578333;52 20.747;106.0639667;106 03.838;seredina Krasnij Jar - Harauz;mKrYH;258.986;16.3785;0.028481792;t090C: Temperature [ITS-90, deg C];153;490;1;490;not error
CTD_Data\2025\07-08\sbe25\cnvdata\mLT0724.cnv;SBE25;24.07.2025 19:06;24.07.2025 19:51;24.07.2025;51.70503333;51 42.302;105.0095167;105 00.571;seredina Lstvianka-Tanhoj;mLT;1423.798;14.8915;None;t090C: Temperature [ITS-90, deg C];0;2752;7;2758;not error
CTD_Data\2025\07-08\sbe25\cnvdata\mLTpup0724.cnv;SBE25;24.07.2025 20:55;24.07.2025 21:35;24.07.2025;51.71808333;51 43.085;104.9834;104 59.004;seredina Listv-TGanh pup;mLTpup;1415.033;12.0583;None;t090C: Temperature [ITS-90, deg C];0;2612;6;2617;not error
CTD_Data\2025\07-08\sbe25\cnvdata\mLTpup0803.cnv;SBE25;03.08.2025 13:51;03.08.2025 14:27;03.08.2025;51.7177;51 43.062;104.9821667;104 58.930;seredina Listvianka - Tanhoy pup;mLTpup;1411.82;14.7099;None;t090C: Temperature [ITS-90, deg C];0;2464;10;2473;not error
CTD_Data\2025\07-08\sbe25\cnvdata\mMM0727.cnv;SBE25;27.07.2025 22:30;27.07.2025 22:40;27.07.2025;53.24143333;53 14.486;107.2567667;107 15.406;seredina Maloe-More;mMM;84.668;16.1453;None;t090C: Temperature [ITS-90, deg C];0;200;12;211;not error
CTD_Data\2025\07-08\sbe25\cnvdata\mMS0723.cnv;SBE25;23.07.2025 13:29;23.07.2025 14:04;23.07.2025;51.64668333;51 38.801;104.2251167;104 13.507;mp Marituy-Solzan;mMS;1244.407;14.9646;None;t090C: Temperature [ITS-90, deg C];0;2150;6;2155;not error
CTD_Data\2025\07-08\sbe25\cnvdata\mSU0729.cnv;SBE25;29.07.2025 9:36;29.07.2025 10:03;29.07.2025;52.93731667;52 56.239;108.44045;108 26.427;mp Solnechnaya-Ushkaniy;mSU;889.045;11.7972;None;t090C: Temperature [ITS-90, deg C];0;1583;5;1587;not error
CTD_Data\2025\07-08\sbe25\cnvdata\mSU0729_220m.cnv;SBE25;29.07.2025 9:23;29.07.2025 10:02;;None;None;None;None;mp Solnechnaya-Ushkaniy (220 m);mSU;220.088;12.4819;None;t090C: Temperature [ITS-90, deg C];0;410;5;414;not error
CTD_Data\2025\07-08\sbe25\cnvdata\mTiNe0731.cnv;SBE25;31.07.2025 15:59;31.07.2025 16:22;31.07.2025;55.56743333;55 34.046;109.5601167;109 33.607;seredina Tiya-Nemnqnka;mTiNe;654.021;16.3822;None;t090C: Temperature [ITS-90, deg C];0;1215;6;1220;not error
CTD_Data\2025\07-08\sbe25\cnvdata\mTS0724.cnv;SBE25;24.07.2025 10:35;24.07.2025 11:17;24.07.2025;51.63063333;51 37.838;104.6352667;104 38.116;mp Tolstiy-Snezhnaya;mTS;1258.724;14.4102;None;t090C: Temperature [ITS-90, deg C];0;2530;2;2531;not error
CTD_Data\2025\07-08\sbe25\cnvdata\mTS0724_100m.cnv;SBE25;24.07.2025 10:18;24.07.2025 11:15;;None;None;None;None;mp Tolstiy-Snezhnaya (100m);mTS;101.926;14.4128;0.012885923;t090C: Temperature [ITS-90, deg C];56;558;15;572;not error
CTD_Data\2025\07-08\sbe25\cnvdata\mTSG0724.cnv;SBE25;24.07.2025 11:48;24.07.2025 12:21;24.07.2025;51.60826667;51 36.496;104.7358;104 44.148;mp Tolstiy-Snezhnaya (mTSG);mTSG;1145.642;14.8316;0.024584777;t090C: Temperature [ITS-90, deg C];59;2251;5;2255;not error
CTD_Data\2025\07-08\sbe25\cnvdata\mUhTo0801.cnv;SBE25;01.08.2025 21:48;01.08.2025 22:32;01.08.2025;53.11027778;52.53.817;107.54375;107 32.625;seredina Uhan-Tonkiy;mUhTo;1540.064;14.568;None;t090C: Temperature [ITS-90, deg C];0;3060;26;3085;not error
CTD_Data\2025\07-08\sbe25\cnvdata\mVoBo0727.cnv;SBE25;27.07.2025 14:20;27.07.2025 15:15;27.07.2025;52.79413333;52 47.648;107.1192833;107 07.157;seredina Vorota-Boldakova;mVoBo;1369.166;16.1996;None;t090C: Temperature [ITS-90, deg C];0;2552;0;2551;not error
CTD_Data\2025\07-08\sbe25\cnvdata\NA7k0731.cnv;SBE25;31.07.2025 9:25;31.07.2025 9:43;31.07.2025;55.71363333;55 42.818;109.62475;109 37.485;7 km N-Angarsk;NA;485.615;14.4913;0.125509718;t090C: Temperature [ITS-90, deg C];307;914;74;987;not error
CTD_Data\2025\07-08\sbe25\cnvdata\NI11k0729.cnv;SBE25;29.07.2025 0:35;29.07.2025 1:10;29.07.2025;53.55246667;53 33.148;108.3812;108 22.872;11 km Niznee Izgolovie;NI;1178.078;16.6662;None;t090C: Temperature [ITS-90, deg C];0;1993;13;2005;not error
CTD_Data\2025\07-08\sbe25\cnvdata\NI13k0729.cnv;SBE25;29.07.2025 1:24;29.07.2025 1:50;29.07.2025;53.56101667;53 33.661;108.3552333;108 21.314;13 km Niznee Izgolovie;NI;960.945;17.3118;None;t090C: Temperature [ITS-90, deg C];0;1625;3;1627;not error
CTD_Data\2025\07-08\sbe25\cnvdata\NI15k0729.cnv;SBE25;29.07.2025 2:03;29.07.2025 2:27;29.07.2025;53.56788333;53 34.073;108.3304;108 19.824;15 km Niznee Izgolovie;NI;715.705;17.4627;None;t090C: Temperature [ITS-90, deg C];0;1233;5;1237;not error
CTD_Data\2025\07-08\sbe25\cnvdata\NI17k0729.cnv;SBE25;29.07.2025 2:38;29.07.2025 2:52;29.07.2025;53.57695;53 34.617;108.3038333;108 18.230;17 km Niznee Izgolovie;NI;363.095;16.8718;0.152383024;t090C: Temperature [ITS-90, deg C];272;650;11;660;not error
CTD_Data\2025\07-08\sbe25\cnvdata\NI19k0729.cnv;SBE25;29.07.2025 3:15;29.07.2025 3:34;29.07.2025;53.585;53 35.100;108.27715;108 16.629;19 km Niznee Izgolovie;NI;304.315;16.8177;0.080443983;t090C: Temperature [ITS-90, deg C];153;553;2;554;not error
CTD_Data\2025\07-08\sbe25\cnvdata\NI22k0729.cnv;SBE25;29.07.2025 3:52;29.07.2025 4:07;29.07.2025;53.59833333;53 35.900;108.2308667;108 13.852;22 km Niznee Izgolovie;NI;359.878;16.3844;0.040527742;t090C: Temperature [ITS-90, deg C];106;664;2;665;not error
CTD_Data\2025\07-08\sbe25\cnvdata\NI3k0728.cnv;SBE25;28.07.2025 21:27;28.07.2025 22:00;28.07.2025;53.5189;53 31.134;108.48785;108 29.271;3 km Niznee Izgolovie;NI;955.1;15.9355;None;t090C: Temperature [ITS-90, deg C];0;1728;27;1754;not error
CTD_Data\2025\07-08\sbe25\cnvdata\NI5k0728.cnv;SBE25;28.07.2025 22:11;28.07.2025 22:42;28.07.2025;53.52708333;53 31.625;108.4626167;108 27.757;5km Niznee Izgolovie;NI;1072.585;16.8048;None;t090C: Temperature [ITS-90, deg C];0;1881;4;1884;not error
CTD_Data\2025\07-08\sbe25\cnvdata\NI9k0828.cnv;SBE25;28.07.2025 23:47;29.07.2025 0:24;28.08.2025;53.54338333;53 32.603;108.4089;108 24.534;9 km Niznee Izgolovie;NI;1462.652;17.5743;None;t090C: Temperature [ITS-90, deg C];0;2500;2;2501;not error
CTD_Data\2025\07-08\sbe25\cnvdata\seepIKT0726.cnv;SBE25;26.07.2025 15:27;26.07.2025 15:58;26.07.2025;52.05991667;52 03.595;105.6854333;105 41.126;seep Irkutsk;seepIKT;1121.096;13.1102;None;t090C: Temperature [ITS-90, deg C];0;1904;1;1904;not error
CTD_Data\2025\07-08\sbe25\cnvdata\So10k0723.cnv;SBE25;23.07.2025 12:27;23.07.2025 12:53;23.07.2025;51.59195;51 35.517;104.2182167;104 13.093;10 km Solzan;So;819.771;14.9406;0.002452545;t090C: Temperature [ITS-90, deg C];10;1439;0;1438;not error
CTD_Data\2025\07-08\sbe25\cnvdata\So1k0723.cnv;SBE25;23.07.2025 7:09;23.07.2025 7:45;23.07.2025;51.51495;51 30.897;104.2279;104 13.674;1 km Solzan;So;158.669;18.3486;None;t090C: Temperature [ITS-90, deg C];0;367;7;373;not error
CTD_Data\2025\07-08\sbe25\cnvdata\So3k0723.cnv;SBE25;23.07.2025 8:27;23.07.2025 8:42;23.07.2025;51.5219;51 31.314;104.2389167;104 14.335;3 km Solzan;So;261.325;17.5298;None;t090C: Temperature [ITS-90, deg C];0;594;3;596;not error
CTD_Data\2025\07-08\sbe25\cnvdata\So5k0723.cnv;SBE25;23.07.2025 10:01;23.07.2025 10:24;23.07.2025;51.6478;51 38.868;104.22235;104 13.341;5 km Solzan;So;620.693;14.6212;None;t090C: Temperature [ITS-90, deg C];0;1272;7;1278;not error
CTD_Data\2025\07-08\sbe25\cnvdata\So7k0723.cnv;SBE25;23.07.2025 11:01;23.07.2025 11:28;23.07.2025;51.56573333;51 33.944;104.21925;104 13.155;7 km Solzan;So;866.539;13.8622;None;t090C: Temperature [ITS-90, deg C];0;1742;6;1747;not error
CTD_Data\2025\07-08\sbe25\cnvdata\Ta3k0724.cnv;SBE25;24.07.2025 15:23;24.07.2025 15:54;24.07.2025;51.59106667;51 35.464;105.1175;105 07.050;3 km Tanhoj;Ta;623.032;16.9169;0.020193563;t090C: Temperature [ITS-90, deg C];93;1361;7;1367;not error
CTD_Data\2025\07-08\sbe25\cnvdata\Ta7k0724.cnv;SBE25;24.07.2025 17:18;24.07.2025 17:55;24.07.2025;51.62005;51 37.203;105.0856167;105 05.137;7 km Tanhoj;Ta;1159.084;15.9419;None;t090C: Temperature [ITS-90, deg C];0;2240;4;2243;not error
CTD_Data\2025\07-08\sbe25\cnvdata\testair0722.cnv;SBE25;22.07.2025 16:42;22.07.2025 16:46;22.07.2025;None;None;None;None;test air;testair;1.009;19.5666;None;t090C: Temperature [ITS-90, deg C];0;1;0;0;not error
CTD_Data\2025\07-08\sbe25\cnvdata\To3k0802.cnv;SBE25;02.08.2025 0:45;02.08.2025 0:59;02.08.2025;52.74223333;52 44.534;107.6404667;107 38.428;3 km Tonkiy;To;482.691;14.2372;None;t090C: Temperature [ITS-90, deg C];0;835;65;899;not error
CTD_Data\2025\07-08\sbe25\cnvdata\To7k0801.cnv;SBE25;01.08.2025 23:51;02.08.2025 0:19;01.08.2025;52.7756;52 46.536;107.61445;107 36.867;7 km Tonkiy;To;1063.526;18.8832;None;t090C: Temperature [ITS-90, deg C];0;1906;11;1916;not error
CTD_Data\2025\07-08\sbe25\cnvdata\Tu3k0730.cnv;SBE25;30.07.2025 15:34;30.07.2025 15:54;30.07.2025;55.29385;55 17.631;109.7102333;109 42.614;3 km Turali;Tu;590.58;17.7159;None;t090C: Temperature [ITS-90, deg C];0;1040;3;1042;not error
CTD_Data\2025\07-08\sbe25\cnvdata\Tu7k0730.cnv;SBE25;30.07.2025 14:50;30.07.2025 15:10;30.07.2025;55.30113333;55 18.068;109.6506167;109 39.037;7 km Turali;Tu;668.054;15.1489;0.060277635;t090C: Temperature [ITS-90, deg C];102;1182;22;1203;not error
CTD_Data\2025\07-08\sbe25\cnvdata\Uh3k0801.cnv;SBE25;01.08.2025 17:33;01.08.2025 18:16;01.08.2025;53.04918333;53 02.951;107.41915;107 25.149;3 km Uhan;Uh;1602.574;16.079;None;t090C: Temperature [ITS-90, deg C];0;2938;0;2937;not error
CTD_Data\2025\07-08\sbe25\cnvdata\Uh7k0801.cnv;SBE25;01.08.2025 18:44;01.08.2025 19:25;01.08.2025;55.01663333;55 00.998;10726.778;10726.778;7 km Uhan;Uh;1599.945;16.2554;None;t090C: Temperature [ITS-90, deg C];0;2845;2;2846;not error
CTD_Data\2025\07-08\sbe25\testName-Coord\sbe25\cnvdata\mTiNe0731.cnv;SBE25;31.07.2025 15:59;31.07.2025 16:22;31.07.2025;55.56743333;55 34.046;109.5601167;109 33.607;seredina Tiya-Nemnqnka;mTiNe;654.021;16.3822;None;t090C: Temperature [ITS-90, deg C];0;1215;6;1220;not error
CTD_Data\2025\07-08\sbe25\testName-Coord\sbe25\cnvdata\NA7k0731.cnv;SBE25;31.07.2025 9:25;31.07.2025 9:43;31.07.2025;55.71363333;55 42.818;109.62475;109 37.485;7 km N-Angarsk;NA;485.615;14.4913;0.125509718;t090C: Temperature [ITS-90, deg C];307;914;74;987;not error
CTD_Data\2025\07-08\sbe25\_test\cnvdata\7kNi0828.cnv;SBE25;28.07.2025 23:00;28.07.2025 23:36;28.08.2025;53.53485;53 32.091;108.4325833;108 25.955;7 km iznee Izgolovie;7kNi;1336.151;17.4874;None;t090C: Temperature [ITS-90, deg C];0;2275;2;2276;not error
CTD_Data\2025\07-08\sbe25\_test\cnvdata\Iz7k0728.cnv;SBE25;28.07.2025 5:50;28.07.2025 6:34;28.07.2025;53.1938;53 11.628;107.8077333;107 48.464;7 km Izhimej;Iz;1566.646;12.5031;0.011652556;t090C: Temperature [ITS-90, deg C];71;3034;0;3033;not error
CTD_Data\2025\07-08\sbe25\_test\cnvdata\Ka3k0726.cnv;SBE25;26.07.2025 9:34;26.07.2025 10:09;26.07.2025;51.89311667;51 53.587;105.2433333;105 14.600;3 km Kadilnij;Ka;1371.795;11.9836;None;t090C: Temperature [ITS-90, deg C];0;2303;10;2312;not error
CTD_Data\2025\07-08\sbe25\_test\cnvdata\Ka7k0726.cnv;SBE25;26.07.2025 8:27;26.07.2025 9:08;26.07.2025;51.8637;51 51.822;105.2777667;105 16.666;7 km Kadilnij;Ka;1414.157;13.1923;None;t090C: Temperature [ITS-90, deg C];0;2506;1;2506;not error
CTD_Data\2025\07-08\sbe25\_test\cnvdata\Kha11k0727.cnv;SBE25;27.07.2025 4:38;27.07.2025 4:53;27.07.2025;52.33028333;52 19.817;106.10855;106 06.513;11 km Harauz;Kha;154.282;14.4887;None;t090C: Temperature [ITS-90, deg C];0;340;4;343;not error
CTD_Data\2025\07-08\sbe25\_test\cnvdata\Ku12k0722.cnv;SBE25;22.07.2025 17:46;22.07.2025 18:21;22.07.2025;51.67763333;51 40,658;103.87105;103 52,263;12kmKultuk;Ku;1249.374;17.5796;None;t090C: Temperature [ITS-90, deg C];0;2232;4;2235;not error
CTD_Data\2025\07-08\sbe25\_test\cnvdata\Ku12k0722_100m.cnv;SBE25;22.07.2025 17:39;22.07.2025 19:10;;None;None;None;None;12 km Kultuk (to 100 m);Ku;147.554;12.4884;None;t090C: Temperature [ITS-90, deg C];0;284;32;315;not error
CTD_Data\2025\07-08\sbe25\_test\cnvdata\Li3k0725.cnv;SBE25;25.07.2025 0:12;25.07.2025 0:46;25.07.2025;51.81668333;51 49.001;104.907;104 54.420;3 km Listvyanka;Li;1402.471;12.4535;None;t090C: Temperature [ITS-90, deg C];0;2483;4;2486;not error
CTD_Data\2025\07-08\sbe25\_test\cnvdata\Li7k0724.cnv;SBE25;24.07.2025 22:55;24.07.2025 23:34;24.07.2025;51.78575;51 47.145;104.9328167;104 55.969;7 km Listvianka;Li;1406.269;13.8742;None;t090C: Temperature [ITS-90, deg C];0;2638;4;2641;not error
CTD_Data\2025\07-08\sbe25\_test\cnvdata\Ma10k0723.cnv;SBE25;23.07.2025 18:01;23.07.2025 18:37;23.07.2025;51.69525;51 41.715;104.2197833;104 13.187;10 km Marituj;Ma;1323.004;14.4431;None;t090C: Temperature [ITS-90, deg C];0;2350;0;2349;not error
CTD_Data\2025\07-08\sbe25\_test\cnvdata\Ma1k0724.cnv;SBE25;24.07.2025 0:24;24.07.2025 0:44;24.07.2025;51.7751;51 46.506;104.2193667;104 13.162;1 km Marotuj;Ma;541.169;11.7613;None;t090C: Temperature [ITS-90, deg C];0;914;14;927;not error
CTD_Data\2025\07-08\sbe25\_test\cnvdata\Ma3k0723.cnv;SBE25;23.07.2025 22:57;23.07.2025 23:31;23.07.2025;51.75873333;51 45.524;104.2213833;104 13.283;3 km Marituj;Ma;1339.365;13.5272;None;t090C: Temperature [ITS-90, deg C];0;2218;1;2218;not error
CTD_Data\2025\07-08\sbe25\_test\cnvdata\Ma5k0723.cnv;SBE25;23.07.2025 20:34;23.07.2025 21:08;23.07.2025;51.74053333;51 44.432;104.22115;104 13.269;5 km Marituj;Ma;1342.579;14.6468;None;t090C: Temperature [ITS-90, deg C];0;2228;1;2228;not error
CTD_Data\2025\07-08\sbe25\_test\cnvdata\Ma7k0723.cnv;SBE25;23.07.2025 18:54;23.07.2025 19:26;23.07.2025;51.72295;51 43.377;104.22575;104 13.545;7 km Marituy;Ma;1342.871;14.8494;None;t090C: Temperature [ITS-90, deg C];0;2255;2;2256;not error
CTD_Data\2025\07-08\sbe25\_test\cnvdata\mAH0728.cnv;SBE25;28.07.2025 1:36;28.07.2025 1:49;28.07.2025;53.44196667;53 26.518;107.6739;107 40.434;mp Aral-Khoboy;mAH;333.267;13.2472;None;t090C: Temperature [ITS-90, deg C];0;608;1;608;not error
CTD_Data\2025\07-08\sbe25\_test\cnvdata\mAnSu0727.cnv;SBE25;27.07.2025 10:47;27.07.2025 11:22;27.07.2025;52.65605;52 39.363;106.8523;106 51.138;seredina Anga-Suhaja;mAnSu;1169.019;15.0818;None;t090C: Temperature [ITS-90, deg C];0;2194;4;2197;not error
CTD_Data\2025\07-08\sbe25\_test\cnvdata\mBrag0728.cnv;SBE25;28.07.2025 19:24;28.07.2025 19:42;28.07.2025;53.45398333;53 27.239;108.7409;108 44.454;seredina arguzinskogo zaliva;mBrag;152.527;14.991;0.060332898;t090C: Temperature [ITS-90, deg C];84;309;0;308;not error
CTD_Data\2025\07-08\sbe25\_test\cnvdata\mdBug0727.cnv;SBE25;27.07.2025 6:04;27.07.2025 6:19;27.07.2025;52.4735;52 28.410;106.11735;106 07.041;min depth Buguldeyka;mdBug;380.348;15.3948;None;t090C: Temperature [ITS-90, deg C];0;676;3;678;not error
CTD_Data\2025\07-08\sbe25\_test\cnvdata\mdPesch0726.cnv;SBE25;26.07.2025 22:32;26.07.2025 22:58;26.07.2025;52.23306667;52 13.984;105.8018333;105 48.110;max depth Peschanka;mdPesch;982.573;16.0413;None;t090C: Temperature [ITS-90, deg C];0;1720;12;1731;not error
CTD_Data\2025\07-08\sbe25\_test\cnvdata\mdZav0729.cnv;SBE25;29.07.2025 13:40;29.07.2025 14:06;29.07.2025;54.28128333;54 16.877;108.74;108 44.400;max depth Zavorotnij;mdZav;897.814;15.4712;0.015768184;t090C: Temperature [ITS-90, deg C];34;1574;2;1575;not error
CTD_Data\2025\07-08\sbe25\_test\cnvdata\mGoBa0726.cnv;SBE25;26.07.2025 13:28;26.07.2025 14:02;26.07.2025;51.92066667;51 55.240;105.63305;105 37.983;seredina Goloustnoe-Babushkin;mGoBa;1329.431;13.8174;None;t090C: Temperature [ITS-90, deg C];0;2289;0;2288;not error
CTD_Data\2025\07-08\sbe25\_test\cnvdata\mHoKr0728.cnv;SBE25;28.07.2025 14:54;28.07.2025 15:39;28.07.2025;53.35686667;53 21.412;108.2179;108 13.074;seredina Hoboj-Krestovij;mHoKr;1628.862;14.5293;0.029110443;t090C: Temperature [ITS-90, deg C];89;3044;0;3043;not error
CTD_Data\2025\07-08\sbe25\_test\cnvdata\Mi3K0726.cnv;SBE25;26.07.2025 3:12;26.07.2025 3:39;26.07.2025;51.66943333;51 40.166;105.5025167;105 30.151;3 km Mishiha;Mi;701.381;17.2911;None;t090C: Temperature [ITS-90, deg C];0;1320;6;1325;not error
CTD_Data\2025\07-08\sbe25\_test\cnvdata\Mi7k0726.cnv;SBE25;26.07.2025 4:12;26.07.2025 4:47;26.07.2025;51.69576667;51 41.746;105.4664333;105 27.986;7 km Mishiha;Mi;1368.581;16.22;None;t090C: Temperature [ITS-90, deg C];0;2408;2;2409;not error
CTD_Data\2025\07-08\sbe25\_test\cnvdata\mIM0724.cnv;SBE25;24.07.2025 8:37;24.07.2025 9:13;24.07.2025;51.6497;51 38.982;104.43725;104 26.235;mp Ivanovskiy-Murino;mIM;1310.148;13.8881;None;t090C: Temperature [ITS-90, deg C];0;2428;0;2427;not error
CTD_Data\2025\07-08\sbe25\_test\cnvdata\mKaMi0726.cnv;SBE25;26.07.2025 5:42;26.07.2025 6:18;26.07.2025;51.77925;51 46.755;105.3751;105 22.506;seredina Kadilnij-Mishiha;mKaMi;1435.483;12.7219;None;t090C: Temperature [ITS-90, deg C];0;2525;2;2526;not error
CTD_Data\2025\07-08\sbe25\_test\cnvdata\mKrYH0727.cnv;SBE25;27.07.2025 1:03;27.07.2025 1:21;27.07.2025;52.34578333;52 20.747;106.0639667;106 03.838;seredina Krasnij Jar - Harauz;mKrYH;258.986;16.3785;0.028481792;t090C: Temperature [ITS-90, deg C];153;490;1;490;not error
CTD_Data\2025\07-08\sbe25\_test\cnvdata\mLT0724.cnv;SBE25;24.07.2025 19:06;24.07.2025 19:51;24.07.2025;51.70503333;51 42.302;105.0095167;105 00.571;seredina Lstvianka-Tanhoj;mLT;1423.798;14.8915;None;t090C: Temperature [ITS-90, deg C];0;2752;7;2758;not error
CTD_Data\2025\07-08\sbe25\_test\cnvdata\mLTpup0724.cnv;SBE25;24.07.2025 20:55;24.07.2025 21:35;24.07.2025;51.71808333;51 43.085;104.9834;104 59.004;seredina Listv-TGanh pup;mLTpup;1415.033;12.0583;None;t090C: Temperature [ITS-90, deg C];0;2612;6;2617;not error
CTD_Data\2025\07-08\sbe25\_test\cnvdata\mMM0727.cnv;SBE25;27.07.2025 22:30;27.07.2025 22:40;27.07.2025;53.24143333;53 14.486;107.2567667;107 15.406;seredina Maloe-More;mMM;84.668;16.1453;None;t090C: Temperature [ITS-90, deg C];0;200;12;211;not error
CTD_Data\2025\07-08\sbe25\_test\cnvdata\mMS0723.cnv;SBE25;23.07.2025 13:29;23.07.2025 14:04;23.07.2025;51.64668333;51 38.801;104.2251167;104 13.507;mp Marituy-Solzan;mMS;1244.407;14.9646;None;t090C: Temperature [ITS-90, deg C];0;2150;6;2155;not error
CTD_Data\2025\07-08\sbe25\_test\cnvdata\mSU0729.cnv;SBE25;29.07.2025 9:36;29.07.2025 10:03;29.07.2025;52.93731667;52 56.239;108.44045;108 26.427;mp Solnechnaya-Ushkaniy;mSU;889.045;11.7972;None;t090C: Temperature [ITS-90, deg C];0;1583;5;1587;not error
CTD_Data\2025\07-08\sbe25\_test\cnvdata\mSU0729_220m.cnv;SBE25;29.07.2025 9:23;29.07.2025 10:02;;None;None;None;None;mp Solnechnaya-Ushkaniy (220 m);mSU;220.088;12.4819;None;t090C: Temperature [ITS-90, deg C];0;410;5;414;not error
CTD_Data\2025\07-08\sbe25\_test\cnvdata\mTS0724.cnv;SBE25;24.07.2025 10:35;24.07.2025 11:17;24.07.2025;51.63063333;51 37.838;104.6352667;104 38.116;mp Tolstiy-Snezhnaya;mTS;1258.724;14.4102;None;t090C: Temperature [ITS-90, deg C];0;2530;2;2531;not error
CTD_Data\2025\07-08\sbe25\_test\cnvdata\mTS0724_100m.cnv;SBE25;24.07.2025 10:18;24.07.2025 11:15;;None;None;None;None;mp Tolstiy-Snezhnaya (100m);mTS;101.926;14.4128;0.012885923;t090C: Temperature [ITS-90, deg C];56;558;15;572;not error
CTD_Data\2025\07-08\sbe25\_test\cnvdata\mTSG0724.cnv;SBE25;24.07.2025 11:48;24.07.2025 12:21;24.07.2025;51.60826667;51 36.496;104.7358;104 44.148;mp Tolstiy-Snezhnaya (mTSG);mTSG;1145.642;14.8316;0.024584777;t090C: Temperature [ITS-90, deg C];59;2251;5;2255;not error
CTD_Data\2025\07-08\sbe25\_test\cnvdata\mVoBo0727.cnv;SBE25;27.07.2025 14:20;27.07.2025 15:15;27.07.2025;52.79413333;52 47.648;107.1192833;107 07.157;seredina Vorota-Boldakova;mVoBo;1369.166;16.1996;None;t090C: Temperature [ITS-90, deg C];0;2552;0;2551;not error
CTD_Data\2025\07-08\sbe25\_test\cnvdata\NI11k0729.cnv;SBE25;29.07.2025 0:35;29.07.2025 1:10;29.07.2025;53.55246667;53 33.148;108.3812;108 22.872;11 km Niznee Izgolovie;NI;1178.078;16.6662;None;t090C: Temperature [ITS-90, deg C];0;1993;13;2005;not error
CTD_Data\2025\07-08\sbe25\_test\cnvdata\NI13k0729.cnv;SBE25;29.07.2025 1:24;29.07.2025 1:50;29.07.2025;53.56101667;53 33.661;108.3552333;108 21.314;13 km Niznee Izgolovie;NI;960.945;17.3118;None;t090C: Temperature [ITS-90, deg C];0;1625;3;1627;not error
CTD_Data\2025\07-08\sbe25\_test\cnvdata\NI15k0729.cnv;SBE25;29.07.2025 2:03;29.07.2025 2:27;29.07.2025;53.56788333;53 34.073;108.3304;108 19.824;15 km Niznee Izgolovie;NI;715.705;17.4627;None;t090C: Temperature [ITS-90, deg C];0;1233;5;1237;not error
CTD_Data\2025\07-08\sbe25\_test\cnvdata\NI17k0729.cnv;SBE25;29.07.2025 2:38;29.07.2025 2:52;29.07.2025;53.57695;53 34.617;108.3038333;108 18.230;17 km Niznee Izgolovie;NI;363.095;16.8718;0.152383024;t090C: Temperature [ITS-90, deg C];272;650;11;660;not error
CTD_Data\2025\07-08\sbe25\_test\cnvdata\NI19k0729.cnv;SBE25;29.07.2025 3:15;29.07.2025 3:34;29.07.2025;53.585;53 35.100;108.27715;108 16.629;19 km Niznee Izgolovie;NI;304.315;16.8177;0.080443983;t090C: Temperature [ITS-90, deg C];153;553;2;554;not error
CTD_Data\2025\07-08\sbe25\_test\cnvdata\NI22k0729.cnv;SBE25;29.07.2025 3:52;29.07.2025 4:07;29.07.2025;53.59833333;53 35.900;108.2308667;108 13.852;22 km Niznee Izgolovie;NI;359.878;16.3844;0.040527742;t090C: Temperature [ITS-90, deg C];106;664;2;665;not error
CTD_Data\2025\07-08\sbe25\_test\cnvdata\NI3k0728.cnv;SBE25;28.07.2025 21:27;28.07.2025 22:00;28.07.2025;53.5189;53 31.134;108.48785;108 29.271;3 km Niznee Izgolovie;NI;955.1;15.9355;None;t090C: Temperature [ITS-90, deg C];0;1728;27;1754;not error
CTD_Data\2025\07-08\sbe25\_test\cnvdata\NI5k0728.cnv;SBE25;28.07.2025 22:11;28.07.2025 22:42;28.07.2025;53.52708333;53 31.625;108.4626167;108 27.757;5km Niznee Izgolovie;NI;1072.585;16.8048;None;t090C: Temperature [ITS-90, deg C];0;1881;4;1884;not error
CTD_Data\2025\07-08\sbe25\_test\cnvdata\NI9k0828.cnv;SBE25;28.07.2025 23:47;29.07.2025 0:24;28.08.2025;53.54338333;53 32.603;108.4089;108 24.534;9 km Niznee Izgolovie;NI;1462.652;17.5743;None;t090C: Temperature [ITS-90, deg C];0;2500;2;2501;not error
CTD_Data\2025\07-08\sbe25\_test\cnvdata\seepIKT0726.cnv;SBE25;26.07.2025 15:27;26.07.2025 15:58;26.07.2025;52.05991667;52 03.595;105.6854333;105 41.126;seep Irkutsk;seepIKT;1121.096;13.1102;None;t090C: Temperature [ITS-90, deg C];0;1904;1;1904;not error
CTD_Data\2025\07-08\sbe25\_test\cnvdata\So10k0723.cnv;SBE25;23.07.2025 12:27;23.07.2025 12:53;23.07.2025;51.59195;51 35.517;104.2182167;104 13.093;10 km Solzan;So;819.771;14.9406;0.002452545;t090C: Temperature [ITS-90, deg C];10;1439;0;1438;not error
CTD_Data\2025\07-08\sbe25\_test\cnvdata\So1k0723.cnv;SBE25;23.07.2025 7:09;23.07.2025 7:45;23.07.2025;51.51495;51 30.897;104.2279;104 13.674;1 km Solzan;So;158.669;18.3486;None;t090C: Temperature [ITS-90, deg C];0;367;7;373;not error
CTD_Data\2025\07-08\sbe25\_test\cnvdata\So3k0723.cnv;SBE25;23.07.2025 8:27;23.07.2025 8:42;23.07.2025;51.5219;51 31.314;104.2389167;104 14.335;3 km Solzan;So;261.325;17.5298;None;t090C: Temperature [ITS-90, deg C];0;594;3;596;not error
CTD_Data\2025\07-08\sbe25\_test\cnvdata\So5k0723.cnv;SBE25;23.07.2025 10:01;23.07.2025 10:24;23.07.2025;51.6478;51 38.868;104.22235;104 13.341;5 km Solzan;So;620.693;14.6212;None;t090C: Temperature [ITS-90, deg C];0;1272;7;1278;not error
CTD_Data\2025\07-08\sbe25\_test\cnvdata\So7k0723.cnv;SBE25;23.07.2025 11:01;23.07.2025 11:28;23.07.2025;51.56573333;51 33.944;104.21925;104 13.155;7 km Solzan;So;866.539;13.8622;None;t090C: Temperature [ITS-90, deg C];0;1742;6;1747;not error
CTD_Data\2025\07-08\sbe25\_test\cnvdata\Ta3k0724.cnv;SBE25;24.07.2025 15:23;24.07.2025 15:54;24.07.2025;51.59106667;51 35.464;105.1175;105 07.050;3 km Tanhoj;Ta;623.032;16.9169;0.020193563;t090C: Temperature [ITS-90, deg C];93;1361;7;1367;not error
CTD_Data\2025\07-08\sbe25\_test\cnvdata\Ta7k0724.cnv;SBE25;24.07.2025 17:18;24.07.2025 17:55;24.07.2025;51.62005;51 37.203;105.0856167;105 05.137;7 km Tanhoj;Ta;1159.084;15.9419;None;t090C: Temperature [ITS-90, deg C];0;2240;4;2243;not error
CTD_Data\2025\07-08\sbe25\_test\cnvdata\testair0722.cnv;SBE25;22.07.2025 16:42;22.07.2025 16:46;22.07.2025;None;None;None;None;test air;testair;1.009;19.5666;None;t090C: Temperature [ITS-90, deg C];0;1;0;0;not error
CTD_Data\2025\winter\sbe19p\cnvdata\12march2025_nt_cast3.cnv;SBE19;12.03.2025 15:34;14.03.2025 17:18;None.2025;None;None;None;None;None;12march;101.149;2.5936;3.597222578;tv290C: Temperature [ITS-90, deg C];0;27503;12;27514;not error
CTD_Data\2025\winter\sbe19p\cnvdata\13march2025_nt_cast4.cnv;SBE19;13.03.2025 12:46;14.03.2025 17:29;None.2025;None;None;None;None;None;13march;1363.128;0.4095;3.684613762;tv290C: Temperature [ITS-90, deg C];11777;174992;2;174993;not error
CTD_Data\2025\winter\sbe19p\cnvdata\nt0312.cnv;SBE19;11.03.2025 16:52;12.03.2025 0:57;12.03.2025;None;None;None;None;None;nt;1362.87;4.801;3.60161062;tv290C: Temperature [ITS-90, deg C];7452;30973;4;30976;not error
CTD_Data\2025\winter\SBE25\cnvdata\BKot0324_intcal-2.cnv;SBE25;24.03.2025 17:07;24.03.2025 20:38;None.2025;None;None;None;None;3 km BKoty (intercalibrovka-2);BKot;808.371;0.9116;3.051877891;t090C: Temperature [ITS-90, deg C];2729;7641;14;7654;not error
CTD_Data\2025\winter\SBE25\cnvdata\BKot0324_intcal.cnv;SBE25;24.03.2025 16:20;24.03.2025 16:59;;None;None;None;None;3 km BKoty (intercalibrovka);BKot;911.551;0.9003;3.061528032;t090C: Temperature [ITS-90, deg C];590;2397;13;2409;not error
CTD_Data\2025\winter\SBE25\cnvdata\IntCal_O2_0325.cnv;SBE25;25.03.2025 14:35;25.03.2025 16:00;25.03.2025;None;None;None;None;intercalibrovka O2 (100%);IntCal;3.35;19.8268;None;t090C: Temperature [ITS-90, deg C];0;1;0;0;not error
CTD_Data\2025\winter\SBE25\cnvdata\Ka3k0311.cnv;SBE25;11.03.2025 12:05;11.03.2025 12:59;11.03.2025;None;None;None;None;3 km Kadilniy;Ka;1287.651;0.6506;3.313173528;t090C: Temperature [ITS-90, deg C];524;3566;6;3571;not error
CTD_Data\2025\winter\SBE25\cnvdata\Ka7k0311.cnv;SBE25;11.03.2025 16:31;11.03.2025 17:33;11.03.2025;None;None;None;None;7 km Kadilniy;Ka;1411.82;0.3768;3.588121269;t090C: Temperature [ITS-90, deg C];399;3458;3;3460;not error
CTD_Data\2025\winter\SBE25\cnvdata\Ku12k0317.cnv;SBE25;17.03.2025 12:27;17.03.2025 18:54;17.03.2025;None;None;None;None;12 km Kultuk;Ku;1247.037;0.5446;3.418025736;t090C: Temperature [ITS-90, deg C];297;2824;11;2834;not error
CTD_Data\2025\winter\SBE25\cnvdata\Li3k0307.cnv;SBE25;07.03.2025 13:07;08.03.2025 0:12;07.03.2025;None;None;None;None;3 km Listvyanka;Li;1400.426;0.404;3.548291295;t090C: Temperature [ITS-90, deg C];475;3871;29;3899;not error
CTD_Data\2025\winter\SBE25\cnvdata\Li7k0307.cnv;SBE25;07.03.2025 18:56;08.03.2025 0:13;07.03.2025;None;None;None;None;7 km Listvyanka;Li;1406.269;0.4426;3.518877891;t090C: Temperature [ITS-90, deg C];549;3865;7;3871;not error
CTD_Data\2025\winter\SBE25\cnvdata\Ma3k0315.cnv;SBE25;15.03.2025 16:39;15.03.2025 23:38;15.03.2025;None;None;None;None;3 km Marituy;Ma;1340.826;0.2078;3.754825736;t090C: Temperature [ITS-90, deg C];372;3377;9;3385;not error
CTD_Data\2025\winter\SBE25\cnvdata\Ma7k0316.cnv;SBE25;16.03.2025 11:40;16.03.2025 13:05;16.03.2025;None;None;None;None;7 km Marituy;Ma;1342.579;0.2996;3.661877891;t090C: Temperature [ITS-90, deg C];349;3198;16;3213;not error
CTD_Data\2025\winter\SBE25\cnvdata\Mi3k0313.cnv;SBE25;13.03.2025 16:26;14.03.2025 0:38;13.03.2025;None;None;None;None;3 km Mishikha;Mi;592.626;0.4297;3.530628032;t090C: Temperature [ITS-90, deg C];453;1771;33;1803;not error
CTD_Data\2025\winter\SBE25\cnvdata\Mi7k0313.cnv;SBE25;13.03.2025 12:28;13.03.2025 13:49;13.03.2025;None;None;None;None;7 km Mishikha;Mi;1418.539;0.3268;3.635825736;t090C: Temperature [ITS-90, deg C];355;4036;7;4042;not error
CTD_Data\2025\winter\SBE25\cnvdata\mKM0312.cnv;SBE25;12.03.2025 14:03;12.03.2025 15:37;12.03.2025;None;None;None;None;mp Kadilniy-Mishikha;mKM;1434.607;0.3549;3.607725736;t090C: Temperature [ITS-90, deg C];365;3564;6;3569;not error
CTD_Data\2025\winter\SBE25\cnvdata\mLTpup0309.cnv;SBE25;09.03.2025 12:55;09.03.2025 14:08;09.03.2025;None;None;None;None;mp Listvyanka-Tankhoy (pup);mLTpup;1410.943;0.5574;3.372488802;t090C: Temperature [ITS-90, deg C];348;3746;175;3920;not error
CTD_Data\2025\winter\SBE25\cnvdata\mMS0316.cnv;SBE25;16.03.2025 16:01;16.03.2025 17:20;16.03.2025;None;None;None;None;mp Marituy-Solzan;mMS;1265.153;0.2202;3.741850839;t090C: Temperature [ITS-90, deg C];516;3970;14;3983;not error
CTD_Data\2025\winter\SBE25\cnvdata\NT-gidra_0314.cnv;SBE25;14.03.2025 22:28;15.03.2025 12:36;14.03.2025;None;None;None;None;NT-Gidra (SV-test);NT;401.402;3.6515;None;t090C: Temperature [ITS-90, deg C];0;1862;1244;3105;not error
CTD_Data\2025\winter\SBE25\cnvdata\So3k0318.cnv;SBE25;18.03.2025 11:42;18.03.2025 13:35;18.03.2025;None;None;None;None;3 km Solzan;So;449.942;0.1211;3.843246424;t090C: Temperature [ITS-90, deg C];591;1981;9;1989;not error
CTD_Data\2025\winter\SBE25\cnvdata\So7k0318.cnv;SBE25;18.03.2025 14:43;18.03.2025 15:45;18.03.2025;None;None;None;None;7 km Solzan;So;869.462;0.411;3.552773528;t090C: Temperature [ITS-90, deg C];361;2212;9;2220;not error
CTD_Data\2025\winter\SBE25\cnvdata\Ta3k0308.cnv;SBE25;08.03.2025 13:57;08.03.2025 15:03;08.03.2025;None;None;None;None;3 km Tankhoy;Ta;671.855;0.0894;3.871502968;t090C: Temperature [ITS-90, deg C];496;1987;14;2000;not error
CTD_Data\2025\winter\SBE25\cnvdata\Ta8k0309.cnv;SBE25;09.03.2025 18:02;09.03.2025 23:48;09.03.2025;None;None;None;None;8 km Tankhoy;Ta;1249.082;0.403;3.551014649;t090C: Temperature [ITS-90, deg C];281;3005;46;3050;not error
